DMU,Year,Ticker,Bank Name,Assets,Employee Expense,Equity,Deposits,Borrowings,Lagged NPAs,Performing Loans,Investment,Net Income,Net-interest Income,Non-interest Income,NPAs,LP_Group,LP_Status,beta1,beta2,overall_beta,Stage1_Efficiency,Stage2_Efficiency,Overall_Efficiency,Stage1_Mean,Stage2_Mean,Class,Class_Name,Quadrant_Name
2,2021,ABCB,Ameris Bancorp,23858.321,337.776,2966.451,19665.553,936.875,97.207,15874.258,720.023,376.913,655.327,365.544,101.871,2021,Optimal,0.079343391,0.0,0.0396716955,0.920656609,1.0,0.9603283045,0.9277338271067884,0.8996884017114126,2,Transformation Specialists,Transformation Specialists
10,2021,AMTB,Amerant Bancorp Inc,7638.399,117.585,831.873,5630.871,1075.605,88.127,5409.44,1341.241,112.921,205.141,120.621,59.501,2021,Optimal,0.18546043,0.0,0.092730215,0.81453957,1.0,0.907269785,0.9277338271067884,0.8996884017114126,2,Transformation Specialists,Transformation Specialists
13,2021,ASB,Associated Banc-Corp,35104.253,426.687,4024.853,28466.43,2255.978,225.123,24224.949,6757.596,350.994,725.855,332.364,160.062,2021,Optimal,0.09289679,0.0023859721,0.04764138105,0.90710321,0.9952394144243631,0.95235861895,0.9277338271067884,0.8996884017114126,2,Transformation Specialists,Transformation Specialists
16,2021,AUB,Atlantic Union Bankshares Corp,20064.796,214.929,2710.071,16611.068,566.813,45.221,13195.843,4186.475,263.917,551.26,125.806,32.796,2021,Optimal,0.076140528,0.010499359,0.0433199435,0.923859472,0.9792194643044796,0.9566800565,0.9277338271067884,0.8996884017114126,2,Transformation Specialists,Transformation Specialists
19,2021,AX,Axos Financial Inc.,14265.565,152.576,1400.936,10815.797,644.977,94.349,11547.772,207.33,215.707,538.742,105.261,151.977,2021,Optimal,0.15652827,0.0,0.078264135,0.84347173,1.0,0.921735865,0.9277338271067884,0.8996884017114126,2,Transformation Specialists,Transformation Specialists
27,2021,BCTF,Bancorp 34 Inc,527.652,7.833,40.742,437.782,43.915,2.653,415.623,75.068,3.4,18.564,1.449,4.338,2021,Optimal,0.089173211,0.050745014,0.0699591125,0.910826789,0.9034113637012224,0.9300408875,0.9277338271067884,0.8996884017114126,2,Transformation Specialists,Transformation Specialists
33,2021,BHRB,Burke & Herbert Financial Services Corp,3621.743,44.72,389.627,2933.417,286.165,27.83,1745.073,1617.76,36.165,96.603,17.251,26.261,2021,Optimal,0.11008594,0.0,0.05504297,0.88991406,1.0,0.94495703,0.9277338271067884,0.8996884017114126,2,Transformation Specialists,Transformation Specialists
34,2021,BK,Bank of New York Mellon Corp (The),444438.0,6337.0,43230.0,319694.0,39707.0,89.0,67056.0,159184.0,3759.0,2618.0,13313.0,120.0,2021,Optimal,0.13494321,0.0,0.067471605,0.86505679,1.0,0.932528395,0.9277338271067884,0.8996884017114126,2,Transformation Specialists,Transformation Specialists
38,2021,BLFY,Blue Foundry Bancorp,1914.211,25.206,429.471,1247.04,212.196,13.479,1287.609,358.355,-36.342,42.949,2.479,11.983,2021,Optimal,0.29159521,0.0,0.145797605,0.70840479,1.0,0.854202395,0.9277338271067884,0.8996884017114126,2,Transformation Specialists,Transformation Specialists
43,2021,BOKF,BOK Financial Corp,50249.431,695.382,5368.371,41242.059,2743.428,476.994,20205.68,13495.144,618.121,1118.033,755.775,369.266,2021,Optimal,0.080941007,0.019035952,0.0499884794999999,0.919058993,0.9626392926321404,0.9500115205,0.9277338271067884,0.8996884017114126,2,Transformation Specialists,Transformation Specialists
48,2021,BRKL,Brookline Bancorp Inc,8602.622,106.786,995.342,7049.906,377.829,44.963,7154.457,749.847,115.44,282.373,26.989,33.177,2021,Optimal,0.092617413,0.0,0.0463087065,0.907382587,1.0,0.9536912935,0.9277338271067884,0.8996884017114126,2,Transformation Specialists,Transformation Specialists
54,2021,BY,Byline Bancorp Inc,6696.172,101.222,836.382,5155.047,645.775,47.453,4537.128,1491.007,92.785,236.387,74.253,25.242,2021,Optimal,0.14984136,0.0,0.07492068,0.85015864,1.0,0.92507932,0.9277338271067884,0.8996884017114126,2,Transformation Specialists,Transformation Specialists
59,2021,CASH,Pathward Financial Inc,6690.65,151.09,871.884,5514.971,129.384,48.02,3609.563,1962.636,141.708,278.991,270.904,61.833,2021,Optimal,0.089336139,0.0,0.0446680695,0.910663861,1.0,0.9553319305,0.9277338271067884,0.8996884017114126,2,Transformation Specialists,Transformation Specialists
66,2021,CBSH,Commerce Bancshares Inc,36689.088,525.248,3448.324,29813.073,3062.722,26.633,15176.359,14653.276,530.765,835.424,590.452,9.272,2021,Optimal,0.090884591,0.0,0.0454422955,0.909115409,1.0,0.9545577045,0.9277338271067884,0.8996884017114126,2,Transformation Specialists,Transformation Specialists
67,2021,CBU,Community Financial System Inc,15552.657,241.501,2100.807,12911.168,362.718,77.734,7373.639,4979.089,189.694,374.412,246.235,46.191,2021,Optimal,0.075117072,0.0,0.037558536,0.924882928,1.0,0.962441464,0.9277338271067884,0.8996884017114126,2,Transformation Specialists,Transformation Specialists
73,2021,CFBK,CF Bankshares Inc,1495.589,16.948,125.33,1246.352,106.642,0.695,1229.657,28.662,18.453,42.039,11.64,0.997,2021,Optimal,0.091815436,0.023636304,0.05772587,0.908184564,0.953818941536876,0.94227413,0.9277338271067884,0.8996884017114126,2,Transformation Specialists,Transformation Specialists
75,2021,CFFN,Capitol Federal Financial Inc,9631.246,56.002,1242.273,6597.396,1595.672,12.673,7100.965,2088.029,76.082,175.001,28.086,13.606,2021,Optimal,0.21678968,0.0,0.10839484,0.78321032,1.0,0.89160516,0.9277338271067884,0.8996884017114126,2,Transformation Specialists,Transformation Specialists
78,2021,CHBH,Croghan Bancshares Inc,1112.402,16.463,140.056,908.687,57.002,0.708,642.889,364.604,15.232,38.034,8.309,0.499,2021,Optimal,0.11506258,0.0025098198,0.0587861999,0.88493742,0.9949929272503272,0.9412138001,0.9277338271067884,0.8996884017114126,2,Transformation Specialists,Transformation Specialists
82,2021,CIZN,Citizens Holding Co,1361.309,18.46,105.9,1111.892,131.284,13.684,571.847,632.724,7.494,33.494,12.188,6.668,2021,Optimal,0.11318319,0.0,0.056591595,0.88681681,1.0,0.943408405,0.9277338271067884,0.8996884017114126,2,Transformation Specialists,Transformation Specialists
83,2021,CLBK,Columbia Financial Inc,9224.097,99.534,1079.081,7570.216,396.894,8.156,6360.601,2159.432,92.049,233.134,38.831,3.939,2021,Optimal,0.090442036,0.0,0.045221018,0.909557964,1.0,0.954778982,0.9277338271067884,0.8996884017114126,2,Transformation Specialists,Transformation Specialists
84,2021,CLST,Catalyst Bancorp Inc,285.349,4.631,98.346,176.795,9.018,2.087,131.842,103.236,1.927,6.904,2.626,1.231,2021,Optimal,0.29525825,0.0,0.147629125,0.70474175,1.0,0.852370875,0.9277338271067884,0.8996884017114126,2,Transformation Specialists,Transformation Specialists
88,2021,CNOB,ConnectOne Bancorp Inc,8129.48,64.341,1124.212,6332.953,633.561,61.696,6828.622,576.127,130.353,262.878,15.691,61.7,2021,Optimal,0.13865619,0.0,0.069328095,0.8613438099999999,1.0,0.930671905,0.9277338271067884,0.8996884017114126,2,Transformation Specialists,Transformation Specialists
92,2021,CPKF,Chesapeake Financial Shares Inc,1385.816,23.76,126.137,1124.971,125.134,11.911,666.221,606.192,15.01,41.555,19.312,6.737,2021,Optimal,0.1184748,0.0038046593,0.06113972965,0.8815252,0.992419522534089,0.93886027035,0.9277338271067884,0.8996884017114126,2,Transformation Specialists,Transformation Specialists
95,2021,CTBI,Community Trust Bancorp Inc,5418.257,74.114,698.202,4344.292,342.809,34.271,3408.813,1470.708,87.939,163.079,60.463,20.111,2021,Optimal,0.11567528,0.024980083,0.0703276815,0.88432472,0.9512574275065206,0.9296723185,0.9277338271067884,0.8996884017114126,2,Transformation Specialists,Transformation Specialists
97,2021,CVBF,CVB Financial Corp,15883.697,117.871,2081.503,12976.442,715.873,17.739,7841.78,5127.581,212.521,414.55,47.385,6.893,2021,Optimal,0.088018078,0.0,0.044009039,0.911981922,1.0,0.955990961,0.9277338271067884,0.8996884017114126,2,Transformation Specialists,Transformation Specialists
102,2021,CZNC,Citizens & Northern Corp,2327.648,37.603,301.405,1925.06,81.306,24.729,1564.849,517.679,30.554,77.939,25.881,21.902,2021,Optimal,0.096671382,0.0073820145,0.05202669825,0.903328618,0.9853441606188216,0.94797330175,0.9277338271067884,0.8996884017114126,2,Transformation Specialists,Transformation Specialists
105,2021,DIMC,Dimeco Inc,958.22,13.269,100.811,796.916,48.182,18.223,657.267,220.891,11.952,31.942,6.145,13.823,2021,Optimal,0.095597378,0.0,0.047798689,0.904402622,1.0,0.952201311,0.9277338271067884,0.8996884017114126,2,Transformation Specialists,Transformation Specialists
119,2021,FBAK,First National Bank Alaska,5581.34,63.207,554.53,4216.924,784.626,14.094,2127.271,2842.95,58.414,145.601,27.036,17.629,2021,Optimal,0.16688383,0.0,0.083441915,0.83311617,1.0,0.916558085,0.9277338271067884,0.8996884017114126,2,Transformation Specialists,Transformation Specialists
120,2021,FBIZ,First Business Financial Services Inc,2652.905,51.71,232.422,1957.923,418.933,26.651,2239.408,238.784,35.755,84.662,28.1,6.522,2021,Optimal,0.19378274,0.0,0.09689137,0.8062172599999999,1.0,0.90310863,0.9277338271067884,0.8996884017114126,2,Transformation Specialists,Transformation Specialists
126,2021,FBTT,First Bankers Trustshares Inc,1226.137,13.947,105.831,978.624,136.583,12.063,478.398,667.157,8.17,24.124,8.329,8.634,2021,Optimal,0.12802283,0.0,0.064011415,0.87197717,1.0,0.935988585,0.9277338271067884,0.8996884017114126,2,Transformation Specialists,Transformation Specialists
129,2021,FCF,First Commonwealth Financial Corp.,9545.093,119.506,1109.372,7982.498,365.385,55.281,6839.23,1595.529,138.257,278.541,106.757,55.822,2021,Optimal,0.072551232,0.041201346,0.056876289,0.927448768,0.9208580623559816,0.943123711,0.9277338271067884,0.8996884017114126,2,Transformation Specialists,Transformation Specialists
132,2021,FDVA,Freedom Financial Holdings Inc,876.673,16.341,84.159,701.693,83.533,3.18,602.369,192.867,10.728,28.516,9.723,8.891,2021,Optimal,0.12981187,0.030955729,0.0803837994999999,0.8701881300000001,0.9399475105880128,0.9196162005,0.9277338271067884,0.8996884017114126,2,Transformation Specialists,Transformation Specialists
134,2021,FFBC,First Financial Bancorp.,16329.141,245.924,2258.942,12871.954,773.587,89.138,9288.299,4409.237,205.16,452.118,171.506,60.106,2021,Optimal,0.12179249,0.033760998,0.077776744,0.87820751,0.9346831655183028,0.922223256,0.9277338271067884,0.8996884017114126,2,Transformation Specialists,Transformation Specialists
136,2021,FFIC,Flushing Financial Corp,8045.911,88.31,679.628,6385.445,869.699,21.108,6638.105,871.041,81.793,247.969,3.687,14.933,2021,Optimal,0.12245708,0.015564739,0.0690109095,0.87754292,0.9693476183205688,0.9309890905,0.9277338271067884,0.8996884017114126,2,Transformation Specialists,Transformation Specialists
137,2021,FFIN,First Financial Bankshares Inc,13102.461,142.042,1759.224,10566.488,671.152,42.898,5388.972,6573.179,227.562,370.363,142.176,34.158,2021,Optimal,0.10300948,0.0,0.05150474,0.89699052,1.0,0.94849526,0.9277338271067884,0.8996884017114126,2,Transformation Specialists,Transformation Specialists
145,2021,FINW,Finwise Bancorp,380.214,22.365,115.442,251.892,1.05,0.831,207.957,11.801,31.583,47.978,31.844,0.763,2021,Optimal,0.25970622,0.0,0.12985311,0.74029378,1.0,0.87014689,0.9277338271067884,0.8996884017114126,2,Transformation Specialists,Transformation Specialists
150,2021,FLG,Flagstar Financial Inc,59527.0,303.0,7044.0,35059.0,16811.0,46.103,45738.0,6530.0,596.0,1289.0,61.0,41.0,2021,Optimal,0.28163339,0.0,0.140816695,0.71836661,1.0,0.859183305,0.9277338271067884,0.8996884017114126,2,Transformation Specialists,Transformation Specialists
152,2021,FMBH,First Mid Bancshares Inc,5986.582,89.66,633.894,4956.486,361.631,30.616,3992.775,1428.849,51.49,167.751,69.767,27.055,2021,Optimal,0.085944232,0.049866054,0.067905143,0.914055768,0.9050049217040406,0.932094857,0.9277338271067884,0.8996884017114126,2,Transformation Specialists,Transformation Specialists
156,2021,FNB,F.N.B. Corp,39513.0,418.328,5150.0,31726.0,2378.6,180.0,24968.0,7134.0,404.602,906.476,330.419,96.0,2021,Optimal,0.10152023,0.040536175,0.0710282025,0.89847977,0.9220859861023092,0.9289717975,0.9277338271067884,0.8996884017114126,2,Transformation Specialists,Transformation Specialists
157,2021,FNFI,First Niles Financial Inc,124.497,3.589,15.305,80.607,27.216,0.441,74.319,12.086,0.586,2.152,3.507,0.418,2021,Optimal,0.19361912,0.0,0.09680956,0.80638088,1.0,0.90319044,0.9277338271067884,0.8996884017114126,2,Transformation Specialists,Transformation Specialists
158,2021,FNLC,First Bancorp Inc/ME (The),2527.099,21.152,245.657,2123.297,137.164,7.674,1647.649,695.971,36.269,66.303,19.383,6.721,2021,Optimal,0.077115272,0.042185041,0.0596501564999999,0.922884728,0.9190450076705716,0.9403498435,0.9277338271067884,0.8996884017114126,2,Transformation Specialists,Transformation Specialists
164,2021,FRBA,First Bank,2510.298,25.404,266.666,2114.602,111.455,10.81,2111.991,148.049,35.429,81.89,7.754,13.773,2021,Optimal,0.077274204,0.02726749,0.0522708469999999,0.922725796,0.9469125806755552,0.947729153,0.9277338271067884,0.8996884017114126,2,Transformation Specialists,Transformation Specialists
166,2021,FRME,First Merchants Corp,15453.149,166.995,1912.571,12732.577,653.869,65.651,9241.861,4553.089,205.531,410.68,109.323,43.949,2021,Optimal,0.082132621,0.026171255,0.054151938,0.917867379,0.9489924223223346,0.945848062,0.9277338271067884,0.8996884017114126,2,Transformation Specialists,Transformation Specialists
169,2021,FSBW,FS Bancorp Inc,2286.391,49.721,247.507,1915.744,96.714,7.851,1754.175,283.637,37.412,86.649,37.513,5.8,2021,Optimal,0.084857825,0.050158584,0.0675082045,0.915142175,0.9044742674788248,0.9324917955,0.9277338271067884,0.8996884017114126,2,Transformation Specialists,Transformation Specialists
170,2021,FSFG,First Savings Financial Group Inc,1720.506,102.951,180.377,1227.58,275.801,16.684,1090.237,227.776,29.567,57.172,120.436,17.215,2021,Optimal,0.22429329,0.017499432,0.120896361,0.77570671,0.9656030628624468,0.879103639,0.9277338271067884,0.8996884017114126,2,Transformation Specialists,Transformation Specialists
177,2021,GBCI,Glacier Bancorp Inc,25940.645,270.644,3177.622,21337.249,1245.409,35.433,13432.031,10380.033,284.757,662.516,144.82,67.691,2021,Optimal,0.080917764,0.0,0.040458882,0.919082236,1.0,0.959541118,0.9277338271067884,0.8996884017114126,2,Transformation Specialists,Transformation Specialists
181,2021,GSBC,Great Southern Bancorp Inc,5449.944,70.29,616.752,4552.101,246.599,3.82,4068.254,507.687,74.627,177.921,38.317,6.011,2021,Optimal,0.078427557,0.0,0.0392137785,0.921572443,1.0,0.9607862215,0.9277338271067884,0.8996884017114126,2,Transformation Specialists,Transformation Specialists
193,2021,HIFS,Hingham Institution for Savings,3431.165,13.988,354.612,2392.865,665.87,8.864,3019.527,121.881,67.458,102.465,15.308,0.427,2021,Optimal,0.10086303,0.0,0.050431515,0.89913697,1.0,0.949568485,0.9277338271067884,0.8996884017114126,2,Transformation Specialists,Transformation Specialists
195,2021,HNVR,Hanover Bancorp Inc,1484.641,15.009,122.529,1164.662,184.155,1.249,1247.125,20.072,10.851,41.708,3.349,1.028,2021,Optimal,0.14104391,0.024805739,0.0829248245,0.85895609,0.951589383126981,0.9170751755,0.9277338271067884,0.8996884017114126,2,Transformation Specialists,Transformation Specialists
197,2021,HONE,HarborOne Bancorp Inc,4553.405,101.924,679.261,3682.649,118.24,34.696,3607.733,399.967,58.517,131.37,100.686,36.186,2021,Optimal,0.10924785,0.0,0.054623925,0.89075215,1.0,0.945376075,0.9277338271067884,0.8996884017114126,2,Transformation Specialists,Transformation Specialists
202,2021,HWBK,Hawthorn Bancshares Inc,1831.55,27.657,148.956,1516.82,152.57,46.867,1302.133,316.278,22.517,58.545,16.531,35.998,2021,Optimal,0.097430191,0.0,0.0487150955,0.902569809,1.0,0.9512849045,0.9277338271067884,0.8996884017114126,2,Transformation Specialists,Transformation Specialists
205,2021,IBOC,International Bancshares Corp,16046.236,123.48,2308.481,12617.877,1010.452,80.309,7209.151,4520.281,253.922,371.272,222.326,37.253,2021,Optimal,0.12408086,0.023494906,0.073787883,0.87591914,0.9540888657827868,0.926212117,0.9277338271067884,0.8996884017114126,2,Transformation Specialists,Transformation Specialists
208,2021,INDB,Independent Bank Corp,20423.405,172.586,3018.449,16917.044,216.282,66.861,13587.286,2672.546,120.992,401.559,105.85,27.82,2021,Optimal,0.075547354,0.0,0.037773677,0.924452646,1.0,0.962226323,0.9277338271067884,0.8996884017114126,2,Transformation Specialists,Transformation Specialists
211,2021,ISTR,Investar Holding Corp,2513.203,35.527,242.598,2120.266,139.156,14.49,1872.012,382.567,8.0,83.814,12.042,32.148,2021,Optimal,0.077246645,0.026047995,0.05164732,0.922753355,0.949226556404898,0.94835268,0.9277338271067884,0.8996884017114126,2,Transformation Specialists,Transformation Specialists
217,2021,KFFB,Kentucky First Federal Bancorp,338.063,5.44,52.296,226.843,56.873,8.035,299.524,6.993,1.82,10.011,0.595,6.737,2021,Optimal,0.24670455,0.0,0.123352275,0.75329545,1.0,0.876647725,0.9277338271067884,0.8996884017114126,2,Transformation Specialists,Transformation Specialists
219,2021,KRNY,Kearny Financial Corp,7283.735,68.8,1042.944,5485.306,703.703,36.874,4851.394,1751.617,63.233,184.509,24.751,79.945,2021,Optimal,0.16801547,0.0,0.084007735,0.8319845299999999,1.0,0.915992265,0.9277338271067884,0.8996884017114126,2,Transformation Specialists,Transformation Specialists
226,2021,LSBK,Lake Shore Bancorp Inc,713.739,8.999,87.976,593.184,22.484,3.161,523.324,90.422,6.187,21.994,3.188,9.8,2021,Optimal,0.088343256,0.0,0.044171628,0.911656744,1.0,0.955828372,0.9277338271067884,0.8996884017114126,2,Transformation Specialists,Transformation Specialists
228,2021,MBIN,Merchants Bancorp,11278.638,85.727,1155.409,8982.613,1033.954,6.321,5782.663,340.217,227.104,277.994,157.333,0.8,2021,Optimal,0.11557707,0.0,0.057788535,0.8844229299999999,1.0,0.942211465,0.9277338271067884,0.8996884017114126,2,Transformation Specialists,Transformation Specialists
232,2021,MCBK,Madison County Financial Inc,532.716,6.757,87.23,413.309,20.7,0.12,374.479,110.496,7.412,15.427,3.425,0.072,2021,Optimal,0.14166777,0.0,0.070833885,0.85833223,1.0,0.929166115,0.9277338271067884,0.8996884017114126,2,Transformation Specialists,Transformation Specialists
237,2021,MGYR,Magyar Bancorp Inc,773.99,10.619,97.641,639.814,27.61,12.326,593.376,72.325,6.12,25.587,3.409,8.796,2021,Optimal,0.097405617,0.0,0.0487028085,0.902594383,1.0,0.9512971915,0.9277338271067884,0.8996884017114126,2,Transformation Specialists,Transformation Specialists
241,2021,MRBK,Meridian Corp,1713.443,78.866,165.36,1446.413,81.852,7.93,1386.457,173.145,35.585,63.111,87.988,22.988,2021,Optimal,0.080463264,0.0,0.040231632,0.919536736,1.0,0.959768368,0.9277338271067884,0.8996884017114126,2,Transformation Specialists,Transformation Specialists
247,2021,NASB,NASB Financial Inc,2359.371,56.772,393.346,1351.337,575.793,32.037,1416.397,167.097,73.706,97.849,146.181,30.348,2021,Optimal,0.37657884,0.0,0.18828942,0.6234211599999999,1.0,0.81171058,0.9277338271067884,0.8996884017114126,2,Transformation Specialists,Transformation Specialists
251,2021,NECB,Northeast Community Bancorp Inc,1225.07,14.996,251.382,927.164,31.1,5.568,973.335,39.393,11.905,43.303,2.354,1.996,2021,Optimal,0.17494844,0.0,0.08747422,0.82505156,1.0,0.91252578,0.9277338271067884,0.8996884017114126,2,Transformation Specialists,Transformation Specialists
253,2021,NFBK,Northfield Bancorp Inc,5430.542,43.677,739.883,4169.334,461.606,29.524,3806.617,1241.198,70.654,155.649,14.453,8.106,2021,Optimal,0.15349165,0.0,0.076745825,0.84650835,1.0,0.923254175,0.9277338271067884,0.8996884017114126,2,Transformation Specialists,Transformation Specialists
264,2021,OCFC,OceanFirst Financial Corp.,11739.616,120.014,1516.553,9732.816,365.352,36.516,8632.202,1861.798,110.076,305.338,51.931,19.054,2021,Optimal,0.078582042,0.0,0.039291021,0.921417958,1.0,0.960708979,0.9277338271067884,0.8996884017114126,2,Transformation Specialists,Transformation Specialists
267,2021,ONB,Old National Bancorp,24453.564,284.098,3012.018,18569.195,2651.476,166.412,13576.746,7564.652,277.538,596.4,214.219,127.099,2021,Optimal,0.15207455,0.014747292,0.083410921,0.84792545,0.9709340599058232,0.916589079,0.9277338271067884,0.8996884017114126,2,Transformation Specialists,Transformation Specialists
269,2021,ORBN,Oregon Bancorp Inc,411.661,48.693,75.554,322.924,2.172,0.849,246.609,14.232,22.389,12.893,77.458,1.407,2021,Optimal,0.13158596,0.0,0.06579298,0.86841404,1.0,0.93420702,0.9277338271067884,0.8996884017114126,2,Transformation Specialists,Transformation Specialists
273,2021,OTTW,Ottawa Bancorp Inc,342.525,5.907,45.974,273.051,16.525,2.007,287.517,32.7,2.904,10.891,2.955,1.6,2021,Optimal,0.11213628,0.0,0.05606814,0.88786372,1.0,0.94393186,0.9277338271067884,0.8996884017114126,2,Transformation Specialists,Transformation Specialists
275,2021,OZK,Bank OZK,26530.43,214.567,4839.36,20209.134,1287.544,56.247,18307.825,3957.521,579.001,989.72,115.538,51.339,2021,Optimal,0.14907444,0.0,0.07453722,0.85092556,1.0,0.92546278,0.9277338271067884,0.8996884017114126,2,Transformation Specialists,Transformation Specialists
276,2021,PB,Prosperity Bancshares Inc,37833.97,310.556,6427.236,30771.762,497.499,59.57,18608.87,12827.802,519.297,993.308,139.966,28.088,2021,Optimal,0.089954844,0.0,0.044977422,0.910045156,1.0,0.955022578,0.9277338271067884,0.8996884017114126,2,Transformation Specialists,Transformation Specialists
277,2021,PBBK,PB Bankshares Inc,314.929,3.994,45.834,251.13,16.681,2.815,252.341,27.382,0.785,7.862,0.79,1.653,2021,Optimal,0.10103128,0.0,0.05051564,0.89896872,1.0,0.94948436,0.9277338271067884,0.8996884017114126,2,Transformation Specialists,Transformation Specialists
279,2021,PBHC,Pathfinder Bancorp Inc,1285.177,14.384,110.633,1055.346,109.697,21.333,831.946,356.387,12.407,38.295,6.231,8.292,2021,Optimal,0.10311925,0.0,0.051559625,0.89688075,1.0,0.948440375,0.9277338271067884,0.8996884017114126,2,Transformation Specialists,Transformation Specialists
281,2021,PDLB,Ponce Financial Group Inc,1653.51,23.262,189.256,1204.716,121.345,11.683,1321.43,120.281,25.415,58.846,34.637,11.443,2021,Optimal,0.2080897,0.0,0.10404485,0.7919103000000001,1.0,0.89595515,0.9277338271067884,0.8996884017114126,2,Transformation Specialists,Transformation Specialists
283,2021,PEBO,Peoples Bancorp Inc,7063.521,94.612,845.025,5862.552,274.631,28.679,4481.6,1683.609,47.555,172.553,68.885,47.984,2021,Optimal,0.082704475,0.042506564,0.0626055195,0.917295525,0.9184531484638212,0.9373944805,0.9277338271067884,0.8996884017114126,2,Transformation Specialists,Transformation Specialists
287,2021,PFS,Provident Financial Services Inc,13781.202,143.366,1697.096,11268.452,687.293,91.565,9581.624,2529.616,167.921,366.023,86.809,56.758,2021,Optimal,0.090017825,0.038662417,0.064340121,0.909982175,0.925553449576678,0.935659879,0.9277338271067884,0.8996884017114126,2,Transformation Specialists,Transformation Specialists
291,2021,PNBK,Patriot National Bancorp Inc,948.481,11.089,67.344,748.562,123.586,21.297,739.488,105.818,5.094,25.261,4.423,23.097,2021,Optimal,0.13541875,0.0,0.067709375,0.86458125,1.0,0.932290625,0.9277338271067884,0.8996884017114126,2,Transformation Specialists,Transformation Specialists
293,2021,PNFP,Pinnacle Financial Partners Inc,38469.399,436.006,5310.607,31304.533,1565.076,86.196,23414.262,6070.152,527.323,932.401,395.734,40.106,2021,Optimal,0.089442793,0.0,0.0447213965,0.910557207,1.0,0.9552786035,0.9277338271067884,0.8996884017114126,2,Transformation Specialists,Transformation Specialists
295,2021,PRK,Park National Corp,9560.254,166.438,1110.759,7904.528,441.335,144.209,6871.122,1815.408,153.945,329.893,129.944,106.177,2021,Optimal,0.083175679,0.0,0.0415878395,0.916824321,1.0,0.9584121605,0.9277338271067884,0.8996884017114126,2,Transformation Specialists,Transformation Specialists
296,2021,PROV,Provident Financial Holdings Inc,1183.596,15.157,127.28,937.973,103.175,4.9,858.547,235.048,7.561,30.639,4.573,8.646,2021,Optimal,0.1376027,0.035804129,0.0867034144999999,0.8623973,0.9308669892355682,0.9132965855,0.9277338271067884,0.8996884017114126,2,Transformation Specialists,Transformation Specialists
297,2021,PSBQ,PSB Holdings Inc/WI,1298.711,16.143,111.262,1105.24,69.021,1.619,888.559,313.091,12.817,38.601,9.418,13.741,2021,Optimal,0.074686263,0.0,0.0373431315,0.925313737,1.0,0.9626568685,0.9277338271067884,0.8996884017114126,2,Transformation Specialists,Transformation Specialists
298,2021,PVBC,Provident Bancorp Inc,1729.283,28.782,233.782,1459.895,17.887,5.419,1453.299,37.622,16.139,61.433,5.166,2.892,2021,Optimal,0.080301287,0.0,0.0401506435,0.919698713,1.0,0.9598493565,0.9277338271067884,0.8996884017114126,2,Transformation Specialists,Transformation Specialists
300,2021,QCRH,QCR Holdings Inc,6096.132,100.907,677.01,4922.772,172.105,14.839,4676.304,829.568,98.905,178.233,100.422,2.76,2021,Optimal,0.10851828,0.0,0.05425914,0.89148172,1.0,0.94574086,0.9277338271067884,0.8996884017114126,2,Transformation Specialists,Transformation Specialists
302,2021,QNTO,Quaint Oak Bancorp Inc,554.115,15.538,36.909,447.166,63.405,0.929,409.228,6.211,6.404,20.62,11.982,0.009,2021,Optimal,0.11487249,0.0,0.057436245,0.88512751,1.0,0.942563755,0.9277338271067884,0.8996884017114126,2,Transformation Specialists,Transformation Specialists
304,2021,RBCAA,Republic Bancorp Inc,6093.632,110.088,834.232,4840.418,355.639,26.094,4496.562,552.356,86.789,220.594,86.859,22.344,2021,Optimal,0.1231768,0.051160798,0.087168799,0.8768232,0.9026584741414606,0.912831201,0.9277338271067884,0.8996884017114126,2,Transformation Specialists,Transformation Specialists
307,2021,RMBI,Richmond Mutual Bancorporation Inc,1267.64,18.143,180.482,900.175,180.0,4.832,844.954,376.571,11.145,38.244,5.416,8.058,2021,Optimal,0.23011967,0.0,0.115059835,0.76988033,1.0,0.884940165,0.9277338271067884,0.8996884017114126,2,Transformation Specialists,Transformation Specialists
311,2021,SBCF,Seacoast Banking Corp of Florida,9681.433,115.156,1310.736,8067.589,231.541,48.86,5925.029,2317.359,124.403,276.025,70.727,44.216,2021,Optimal,0.075747515,0.050657041,0.063202278,0.924252485,0.9035707390267228,0.936797722,0.9277338271067884,0.8996884017114126,2,Transformation Specialists,Transformation Specialists
315,2021,SBSI,Southside Bancshares Inc,7259.602,79.892,912.172,5722.327,542.727,17.48,3645.162,2881.321,113.401,189.557,49.336,11.609,2021,Optimal,0.12895374,0.0078725516,0.0684131458,0.87104626,0.9843778827243538,0.9315868542,0.9277338271067884,0.8996884017114126,2,Transformation Specialists,Transformation Specialists
320,2021,SFNC,Simmons First National Corp,24724.759,246.335,3248.841,19366.548,1956.828,143.866,12012.503,8642.766,271.156,591.532,191.815,76.252,2021,Optimal,0.1251795,0.0,0.06258975,0.8748205,1.0,0.93741025,0.9277338271067884,0.8996884017114126,2,Transformation Specialists,Transformation Specialists
330,2021,SRCE,1st Source Corp,8096.289,105.808,969.464,6679.065,351.406,64.533,5346.214,1890.23,118.534,236.638,100.092,41.334,2021,Optimal,0.087279644,0.027869968,0.057574806,0.912720356,0.9457714129847988,0.942425194,0.9277338271067884,0.8996884017114126,2,Transformation Specialists,Transformation Specialists
332,2021,SSBI,Summit State Bank,958.08,12.72,84.282,811.6,55.623,0.264,833.316,73.687,14.698,37.606,4.901,0.487,2021,Optimal,0.07755122,0.0,0.03877561,0.92244878,1.0,0.96122439,0.9277338271067884,0.8996884017114126,2,Transformation Specialists,Transformation Specialists
334,2021,STD2,Santander Holdings USA Inc,159821.231,1975.292,24467.35,81598.172,46985.199,1976.334,92075.812,19076.755,2982.362,6189.521,4452.187,2149.341,2021,Optimal,0.42539377,0.0,0.212696885,0.57460623,1.0,0.787303115,0.9277338271067884,0.8996884017114126,2,Transformation Specialists,Transformation Specialists
342,2021,TECTP,Tectonic Financial Inc,585.011,24.947,84.787,444.169,47.954,1.793,428.747,39.361,17.034,25.757,36.624,3.667,2021,Optimal,0.16710133,0.0098251368,0.0884632334,0.8328986700000001,0.9805409145762908,0.9115367666,0.9277338271067884,0.8996884017114126,2,Transformation Specialists,Transformation Specialists
344,2021,TFIN,Triumph Financial Inc,5956.25,173.951,858.864,4646.679,392.634,68.478,4867.572,203.023,112.974,369.13,54.501,54.788,2021,Optimal,0.13911273,0.0,0.069556365,0.86088727,1.0,0.930443635,0.9277338271067884,0.8996884017114126,2,Transformation Specialists,Transformation Specialists
345,2021,TFSL,TFS Financial Corp,14057.45,108.867,1732.28,8993.605,3110.276,53.554,12573.324,584.566,81.007,231.63,55.299,44.334,2021,Optimal,0.28952811,0.0,0.144764055,0.71047189,1.0,0.855235945,0.9277338271067884,0.8996884017114126,2,Transformation Specialists,Transformation Specialists
348,2021,TOWN,TowneBank,16361.387,245.844,1916.174,13573.626,538.37,16.214,9506.252,1980.215,215.383,402.369,277.961,10.556,2021,Optimal,0.075389429,0.0,0.0376947145,0.924610571,1.0,0.9623052855,0.9277338271067884,0.8996884017114126,2,Transformation Specialists,Transformation Specialists
366,2021,VBTX,Veritex Holdings Inc,9757.249,94.748,1315.079,7363.615,1027.418,87.637,7385.023,1139.779,139.584,280.783,58.405,50.128,2021,Optimal,0.16390699,0.011314383,0.0876106865,0.83609301,0.9776244001070435,0.9123893135,0.9277338271067884,0.8996884017114126,2,Transformation Specialists,Transformation Specialists
367,2021,VLY,Valley National Bancorp,43446.443,375.865,5084.066,35632.412,2418.921,194.557,34153.657,3832.814,473.84,1209.901,155.013,245.406,2021,Optimal,0.081948329,0.0,0.0409741645,0.918051671,1.0,0.9590258355,0.9277338271067884,0.8996884017114126,2,Transformation Specialists,Transformation Specialists
378,2021,WSBF,Waterstone Financial Inc,2215.858,135.115,432.773,1233.386,483.392,5.882,1205.785,203.454,70.791,55.515,203.195,5.722,2021,Optimal,0.39481624,0.0,0.19740812,0.6051837600000001,1.0,0.80259188,0.9277338271067884,0.8996884017114126,2,Transformation Specialists,Transformation Specialists
