DMU,Year,Ticker,Bank Name,Assets,Employee Expense,Equity,Deposits,Borrowings,NPAs (Previous Period),Performing Loans,Investment,Net Income,Net-interest Income,Non-interest Income,NPAs,LP_Group,LP_Status,beta1,beta2,overall_beta,Stage1_Efficiency,Stage2_Efficiency,Overall_Efficiency,Stage1_Mean,Stage2_Mean,Class,Class_Name,Quadrant_Name
1,2024,ABBB,Auburn Bancorp Inc,102.466,1.642,6.216,75.015,21.025,0.266,82.145,14.717,0.001,2.5,0.438,0.106,2024,Optimal,0.0,0.0,0.0,1.0,1.0,1.0,0.9087669253373367,0.9363900117657884,1,Network Leaders,Network Leaders
2,2024,ABCB,Ameris Bancorp,26262.05,347.641,3751.522,21722.448,477.5,174.321,20739.906,1902.235,358.685,849.19,293.257,122.393,2024,Optimal,0.077988987,0.0,0.0389944935,0.922011013,1.0,0.9610055065,0.9087669253373367,0.9363900117657884,1,Network Leaders,Network Leaders
5,2024,ALPIB,Alpine Banks of Colorado,6524.992,93.718,506.859,5821.606,147.356,25.379,4056.46,1858.748,49.681,185.244,50.969,4.845,2024,Optimal,0.022069055,0.0,0.0110345275,0.977930945,1.0,0.9889654725,0.9087669253373367,0.9363900117657884,1,Network Leaders,Network Leaders
6,2024,ALRS,Alerus Financial Corp,5261.673,110.278,495.41,4378.41,317.02,8.767,3992.534,884.813,17.78,107.045,114.93,62.886,2024,Optimal,0.090867761,0.0,0.0454338805,0.909132239,1.0,0.9545661195,0.9087669253373367,0.9363900117657884,1,Network Leaders,Network Leaders
7,2024,AMAL,Amalgamated Financial Corp,8256.892,93.766,707.654,7180.605,334.143,34.203,4672.924,3239.438,106.434,282.43,33.215,25.87,2024,Optimal,0.029891659,0.0,0.0149458295,0.970108341,1.0,0.9850541705,0.9087669253373367,0.9363900117657884,1,Network Leaders,Network Leaders
9,2024,AMFC,AMB Financial Corp.,372.765,4.861,30.724,336.053,3.093,2.155,285.359,17.861,2.458,10.218,1.871,2.336,2024,Optimal,0.0,0.0,0.0,1.0,1.0,1.0,0.9087669253373367,0.9363900117657884,1,Network Leaders,Network Leaders
11,2024,ARBV,American Riviera Bancorp,1279.312,19.997,111.383,1113.338,47.403,0.595,989.941,226.261,8.742,41.221,4.123,6.098,2024,Optimal,0.077324764,0.0,0.038662382,0.922675236,1.0,0.961337618,0.9087669253373367,0.9363900117657884,1,Network Leaders,Network Leaders
16,2024,AUB,Atlantic Union Bankshares Corp,24585.323,271.164,3142.879,20397.619,619.989,36.889,18470.621,3348.971,209.131,698.539,118.878,58.373,2024,Optimal,0.066744634,0.0,0.033372317,0.933255366,1.0,0.966627683,0.9087669253373367,0.9363900117657884,1,Network Leaders,Network Leaders
17,2024,AUBN,Auburn National Bancorporation Inc,977.324,12.534,78.292,895.824,0.231,0.911,564.017,243.012,6.397,27.125,3.474,0.503,2024,Optimal,0.012070999,0.0,0.0060354995,0.987929001,1.0,0.9939645005,0.9087669253373367,0.9363900117657884,1,Network Leaders,Network Leaders
19,2024,AX,Axos Financial Inc.,22855.334,250.873,2290.596,19359.217,481.602,95.259,19491.927,163.568,450.008,961.429,222.66,115.809,2024,Optimal,0.046918941,0.0,0.0234594705,0.953081059,1.0,0.9765405295,0.9087669253373367,0.9363900117657884,1,Network Leaders,Network Leaders
20,2024,BAC,Bank of America Corp,3261519.0,40182.0,295559.0,1965467.0,667563.0,5630.0,1080127.0,917284.0,27132.0,56060.0,45827.0,6120.0,2024,Optimal,0.0,0.0,0.0,1.0,1.0,1.0,0.9087669253373367,0.9363900117657884,1,Network Leaders,Network Leaders
21,2024,BANC,Banc of California Inc,33542.864,341.396,3499.949,27191.909,2458.092,81.671,23781.663,4700.761,126.888,926.05,77.145,199.339,2024,Optimal,0.078940517,0.0075386174,0.0432395672,0.921059483,0.9850355762651484,0.9567604328,0.9087669253373367,0.9363900117657884,1,Network Leaders,Network Leaders
22,2024,BANF,BancFirst Corp,13554.314,211.998,1621.187,11718.546,94.182,68.315,8025.11,1224.768,216.354,446.874,184.575,99.388,2024,Optimal,0.048493891,0.0,0.0242469455,0.951506109,1.0,0.9757530545,0.9087669253373367,0.9363900117657884,1,Network Leaders,Network Leaders
23,2024,BANR,Banner Corp,16200.037,250.555,1774.326,13514.398,606.484,30.128,11354.656,3128.526,168.898,541.716,66.888,39.623,2024,Optimal,0.078540974,0.022352079,0.0504465265,0.921459026,0.956273226300154,0.9495534735,0.9087669253373367,0.9363900117657884,1,Network Leaders,Network Leaders
33,2024,BHRB,Burke & Herbert Financial Services Corp,7812.185,94.275,730.157,6515.239,494.091,3.744,5672.236,1465.93,35.708,225.785,36.166,41.151,2024,Optimal,0.074643749,0.0,0.0373218745,0.925356251,1.0,0.9626781255,0.9087669253373367,0.9363900117657884,1,Network Leaders,Network Leaders
36,2024,BKSC,Bank of South Carolina Corp,557.16,7.984,52.301,489.912,12.139,0.576,364.09,157.47,6.75,20.565,1.863,0.349,2024,Optimal,0.046148608,0.0,0.023074304,0.953851392,1.0,0.976925696,0.9087669253373367,0.9363900117657884,1,Network Leaders,Network Leaders
37,2024,BKU,BankUnited Inc,35241.742,315.604,2814.318,27865.703,3702.969,130.58,24297.98,9336.541,232.467,914.266,99.155,256.189,2024,Optimal,0.082071437,0.0,0.0410357185,0.917928563,1.0,0.9589642815,0.9087669253373367,0.9363900117657884,1,Network Leaders,Network Leaders
39,2024,BMBN,Benchmark Bankshares Inc,1223.588,20.558,109.434,1102.894,1.234,2.119,996.451,103.197,15.853,48.477,10.132,3.816,2024,Optimal,0.0483623,0.0,0.02418115,0.9516377,1.0,0.97581885,0.9087669253373367,0.9363900117657884,1,Network Leaders,Network Leaders
40,2024,BMRC,Bank of Marin Bancorp,3701.335,44.683,435.407,3220.015,21.663,7.992,2083.256,1266.733,-8.409,94.66,-21.36,33.881,2024,Optimal,0.044407166,0.0,0.022203583,0.955592834,1.0,0.977796417,0.9087669253373367,0.9363900117657884,1,Network Leaders,Network Leaders
42,2024,BOH,Bank of Hawaii Corp,23601.114,232.564,1667.774,20633.037,747.068,11.747,13985.224,7373.16,149.994,466.58,172.529,19.3,2024,Optimal,0.0,0.0,0.0,1.0,1.0,1.0,0.9087669253373367,0.9363900117657884,1,Network Leaders,Network Leaders
44,2024,BOTJ,Bank of the James Financial Group Inc,979.244,19.294,64.865,882.404,23.276,0.391,643.63,193.343,7.944,29.236,15.137,1.64,2024,Optimal,0.053988382,0.0,0.026994191,0.946011618,1.0,0.973005809,0.9087669253373367,0.9363900117657884,1,Network Leaders,Network Leaders
45,2024,BPOP,Popular Inc,73045.383,820.451,5613.066,64884.345,1302.465,438.027,35182.247,26206.829,614.212,2282.288,658.909,408.048,2024,Optimal,0.0,0.0,0.0,1.0,1.0,1.0,0.9087669253373367,0.9363900117657884,1,Network Leaders,Network Leaders
46,2024,BPRN,Princeton Bancorp Inc,2340.233,26.037,262.04,2032.625,22.941,6.708,1818.875,249.407,10.242,66.532,8.155,27.136,2024,Optimal,0.049808464,0.0070059344,0.0284071991999999,0.950191536,0.986085614472224,0.9715928008,0.9087669253373367,0.9363900117657884,1,Network Leaders,Network Leaders
51,2024,BUSE,First Busey Corp,12046.722,175.619,1383.269,9982.49,469.188,7.941,7697.087,2702.643,113.691,322.611,139.682,23.3,2024,Optimal,0.088710241,0.011989981,0.0503501109999999,0.911289759,0.976304150781904,0.949649889,0.9087669253373367,0.9363900117657884,1,Network Leaders,Network Leaders
52,2024,BWB,Bridgewater Bancshares Inc,5066.242,39.564,457.935,4086.767,452.92,0.919,3861.713,787.544,32.825,102.193,7.368,0.301,2024,Optimal,0.076249919,0.0,0.0381249595,0.923750081,1.0,0.9618750405,0.9087669253373367,0.9363900117657884,1,Network Leaders,Network Leaders
56,2024,CADE,Cadence Bank,47019.19,609.307,5569.683,40496.201,222.12,222.387,33741.755,7447.225,523.604,1436.215,356.51,270.446,2024,Optimal,0.033294643,0.0,0.0166473215,0.966705357,1.0,0.9833526785,0.9087669253373367,0.9363900117657884,1,Network Leaders,Network Leaders
57,2024,CARE,Carter Bankshares Inc,4659.189,57.908,384.313,4153.421,80.402,311.998,3624.826,734.928,24.523,114.457,21.368,260.008,2024,Optimal,0.018942396,0.0,0.009471198,0.981057604,1.0,0.990528802,0.9087669253373367,0.9363900117657884,1,Network Leaders,Network Leaders
58,2024,CARV,Carver Bancorp Inc,729.991,14.825,29.578,661.837,29.112,11.827,613.684,47.125,-13.744,19.151,3.086,24.647,2024,Optimal,0.039308913,0.0,0.0196544565,0.960691087,1.0,0.9803455435,0.9087669253373367,0.9363900117657884,1,Network Leaders,Network Leaders
60,2024,CATY,Cathay General Bancorp,23054.681,167.376,2845.704,19686.199,227.727,93.279,19365.414,1598.807,285.979,674.055,55.664,196.282,2024,Optimal,0.0,0.0,0.0,1.0,1.0,1.0,0.9087669253373367,0.9363900117657884,1,Network Leaders,Network Leaders
64,2024,CBKM,Consumers Bancorp Inc,1097.089,14.416,63.685,972.98,44.525,0.228,759.114,273.423,8.58,31.992,4.896,0.858,2024,Optimal,0.047224305,0.029927586,0.0385759455,0.952775695,0.9418840966941536,0.9614240545,0.9087669253373367,0.9363900117657884,1,Network Leaders,Network Leaders
65,2024,CBNK,Capital Bancorp Inc,3206.911,56.037,355.139,2761.939,39.934,16.042,2630.163,228.109,30.972,154.746,31.41,30.241,2024,Optimal,0.065523723,0.0033692979,0.03444651045,0.934476277,0.993284032295882,0.96555348955,0.9087669253373367,0.9363900117657884,1,Network Leaders,Network Leaders
68,2024,CCB,Coastal Financial Corp,4121.208,70.084,438.704,3585.332,53.282,53.839,3486.565,58.121,45.219,273.028,308.205,62.656,2024,Optimal,0.051995478,0.0,0.025997739,0.948004522,1.0,0.974002261,0.9087669253373367,0.9363900117657884,1,Network Leaders,Network Leaders
69,2024,CCBG,Capital City Bank Group,4324.932,100.721,495.317,3671.977,107.524,6.243,2651.55,972.899,52.915,158.938,75.976,6.669,2024,Optimal,0.074506303,0.011466032,0.0429861675,0.925493697,0.9773278950805142,0.9570138325,0.9087669253373367,0.9363900117657884,1,Network Leaders,Network Leaders
74,2024,CFFI,C&F Financial Corp,2563.374,53.578,226.97,2170.86,133.038,1.944,1920.398,422.217,19.834,96.775,30.538,3.257,2024,Optimal,0.085802491,0.0,0.0429012455,0.914197509,1.0,0.9570987545,0.9087669253373367,0.9363900117657884,1,Network Leaders,Network Leaders
76,2024,CFG,Citizens Financial Group Inc,217521.0,2611.0,24254.0,174776.0,13357.0,1378.0,139203.0,42294.0,1509.0,5633.0,2176.0,1677.0,2024,Optimal,0.0,0.0,0.0,1.0,1.0,1.0,0.9087669253373367,0.9363900117657884,1,Network Leaders,Network Leaders
77,2024,CFR,Cullen/Frost Bankers Inc,52520.259,743.84,3898.588,42722.748,4895.801,61.632,20754.813,18577.4,582.542,1604.612,459.098,92.966,2024,Optimal,0.086586362,0.0,0.043293181,0.913413638,1.0,0.956706819,0.9087669253373367,0.9363900117657884,1,Network Leaders,Network Leaders
90,2024,COLB,Columbia Banking System Inc,51576.397,588.83,5118.224,41720.732,3900.9,113.937,37680.901,8504.873,533.675,1718.402,210.966,169.559,2024,Optimal,0.090907999,0.0,0.0454539995,0.909092001,1.0,0.9545460005,0.9087669253373367,0.9363900117657884,1,Network Leaders,Network Leaders
98,2024,CYFL,Century Financial Corp,467.219,7.949,57.099,401.47,5.124,1.02,231.929,137.507,9.004,19.509,5.655,2.238,2024,Optimal,0.066720266,0.0,0.033360133,0.933279734,1.0,0.966639867,0.9087669253373367,0.9363900117657884,1,Network Leaders,Network Leaders
99,2024,CZBC,Citizens Bancorp/OR,807.493,18.188,73.485,706.98,15.566,0.51,375.985,326.125,3.373,27.913,2.575,0.205,2024,Optimal,0.074465554,0.0,0.037232777,0.925534446,1.0,0.962767223,0.9087669253373367,0.9363900117657884,1,Network Leaders,Network Leaders
106,2024,EBC,Eastern Bankshares Inc,25557.88,287.627,3611.967,21291.619,175.801,52.557,17778.354,4448.178,119.561,607.597,123.917,135.82,2024,Optimal,0.064266005,0.0,0.0321330025,0.935733995,1.0,0.9678669975,0.9087669253373367,0.9363900117657884,1,Network Leaders,Network Leaders
109,2024,EFSC,Enterprise Financial Services Corp,15596.431,182.713,1824.002,13146.492,463.522,49.464,11220.355,2863.989,185.266,568.096,69.703,46.642,2024,Optimal,0.05775846,0.0,0.02887923,0.94224154,1.0,0.97112077,0.9087669253373367,0.9363900117657884,1,Network Leaders,Network Leaders
111,2024,EGBN,Eagle Bancorp Inc,11129.508,87.768,1226.061,9131.078,623.08,66.632,7934.888,2257.814,-47.035,288.688,19.939,211.449,2024,Optimal,0.050908709,0.0,0.0254543545,0.949091291,1.0,0.9745456455,0.9087669253373367,0.9363900117657884,1,Network Leaders,Network Leaders
112,2024,EMYB,Embassy Bancorp Inc,1704.42,14.246,106.48,1552.959,26.538,0.366,1268.422,282.491,10.44,36.184,3.185,0.495,2024,Optimal,0.0,0.0,0.0,1.0,1.0,1.0,0.9087669253373367,0.9363900117657884,1,Network Leaders,Network Leaders
115,2024,EQFN,Equitable Financial Corp,511.222,8.535,47.815,449.155,8.275,0.711,452.196,25.962,2.714,13.68,5.014,3.609,2024,Optimal,0.050931961,0.0,0.0254659805,0.949068039,1.0,0.9745340195,0.9087669253373367,0.9363900117657884,1,Network Leaders,Network Leaders
116,2024,ESQ,Esquire Financial Holdings Inc,1892.503,37.845,237.094,1642.236,3.497,11.009,1397.021,313.44,43.658,99.929,24.895,10.94,2024,Optimal,0.070483404,0.0,0.035241702,0.929516596,1.0,0.964758298,0.9087669253373367,0.9363900117657884,1,Network Leaders,Network Leaders
117,2024,EWBC,East West Bancorp Inc,75976.475,550.734,7723.054,63175.023,3625.237,114.015,53726.637,13929.483,1165.586,2278.716,335.218,194.095,2024,Optimal,0.0,0.0,0.0,1.0,1.0,1.0,0.9087669253373367,0.9363900117657884,1,Network Leaders,Network Leaders
122,2024,FBNC,First Bancorp/NC,12147.694,140.022,1445.611,10530.525,106.43,44.789,8094.676,2604.36,76.215,332.273,17.899,46.917,2024,Optimal,0.03109333,0.015341012,0.0232171709999999,0.96890667,0.9697815574891798,0.976782829,0.9087669253373367,0.9363900117657884,1,Network Leaders,Network Leaders
123,2024,FBP,First BanCorp (Puerto Rico),19292.921,235.695,1669.236,16871.298,627.501,125.906,12746.556,4934.304,298.724,807.479,130.722,118.252,2024,Optimal,0.024377655,0.0,0.0121888275,0.975622345,1.0,0.9878111725,0.9087669253373367,0.9363900117657884,1,Network Leaders,Network Leaders
125,2024,FBSI,First Bancshares Inc,537.885,7.9,59.562,472.596,2.472,1.63,430.525,13.595,6.578,21.902,1.609,1.633,2024,Optimal,0.047671226,0.0,0.023835613,0.952328774,1.0,0.976164387,0.9087669253373367,0.9363900117657884,1,Network Leaders,Network Leaders
129,2024,FCF,First Commonwealth Financial Corp.,11584.936,149.287,1405.165,9678.019,387.778,40.918,8983.754,1584.216,142.572,378.892,99.231,63.143,2024,Optimal,0.074567643,0.029409734,0.0519886885,0.925432357,0.9428609755112342,0.9480113115,0.9087669253373367,0.9363900117657884,1,Network Leaders,Network Leaders
135,2024,FFDF,FFD Financial Corp,785.661,8.539,66.97,706.188,5.017,0.463,602.55,51.147,11.614,25.017,3.2,0.533,2024,Optimal,0.015439921,0.0,0.0077199605,0.984560079,1.0,0.9922800395,0.9087669253373367,0.9363900117657884,1,Network Leaders,Network Leaders
137,2024,FFIN,First Financial Bankshares Inc,13979.418,153.296,1606.56,12099.174,197.019,35.096,7913.098,4617.759,223.511,426.741,123.989,63.096,2024,Optimal,0.028461653,0.0,0.0142308265,0.971538347,1.0,0.9857691735,0.9087669253373367,0.9363900117657884,1,Network Leaders,Network Leaders
138,2024,FFMH,First Farmers and Merchants Corp,1765.311,22.312,137.673,1603.621,2.523,1.407,998.818,615.233,16.035,45.061,13.829,1.344,2024,Optimal,0.016426722,0.0,0.008213361,0.983573278,1.0,0.991786639,0.9087669253373367,0.9363900117657884,1,Network Leaders,Network Leaders
140,2024,FGBI,First Guaranty Bancshares Inc,3972.728,38.304,255.049,3476.26,213.523,41.724,2693.78,612.425,12.448,88.438,24.739,120.35,2024,Optimal,0.015094538,0.0,0.007547269,0.984905462,1.0,0.992452731,0.9087669253373367,0.9363900117657884,1,Network Leaders,Network Leaders
142,2024,FHB,First Hawaiian Inc,23828.186,235.565,2617.486,20322.216,313.02,18.595,14408.258,5738.566,230.129,622.738,185.803,20.679,2024,Optimal,0.029080535,0.0,0.0145402675,0.970919465,1.0,0.9854597325,0.9087669253373367,0.9363900117657884,1,Network Leaders,Network Leaders
147,2024,FITB,Fifth Third Bancorp,212927.0,2763.0,19645.0,167252.0,19597.0,689.0,116603.0,51166.0,2314.0,5630.0,2849.0,860.0,2024,Optimal,0.014372011,0.0072741921,0.01082310155,0.985627989,0.9855566792894108,0.98917689845,0.9087669253373367,0.9363900117657884,1,Network Leaders,Network Leaders
154,2024,FMCB,Farmers & Merchants Bancorp,5370.196,72.472,573.072,4699.139,12.584,0.873,3678.388,1248.956,88.457,206.676,20.7,1.802,2024,Optimal,0.039667591,0.0,0.0198337955,0.960332409,1.0,0.9801662045,0.9087669253373367,0.9363900117657884,1,Network Leaders,Network Leaders
158,2024,FNLC,First Bancorp Inc/ME (The),3157.01,24.23,252.493,2725.251,146.843,2.178,2340.94,651.587,27.045,63.91,16.355,4.421,2024,Optimal,0.012867607,0.016528755,0.014698181,0.987132393,0.9674800050294692,0.985301819,0.9087669253373367,0.9363900117657884,1,Network Leaders,Network Leaders
159,2024,FNRN,First Northern Community Bancorp,1891.722,23.85,176.332,1700.089,3.645,8.334,1062.737,644.371,20.034,64.36,6.019,11.212,2024,Optimal,0.025452664,0.0,0.012726332,0.974547336,1.0,0.987273668,0.9087669253373367,0.9363900117657884,1,Network Leaders,Network Leaders
168,2024,FSBC,Five Star Bancorp,4053.278,31.709,396.624,3557.994,80.752,1.965,3532.686,124.803,45.671,119.711,6.453,1.885,2024,Optimal,0.0,0.0,0.0,1.0,1.0,1.0,0.9087669253373367,0.9363900117657884,1,Network Leaders,Network Leaders
171,2024,FULT,Fulton Financial Corp,32071.81,432.821,3197.325,26129.433,1936.224,154.237,24044.919,4946.042,288.743,960.325,275.731,222.695,2024,Optimal,0.089550308,0.0094779359,0.04951412195,0.910449692,0.9812221038956144,0.95048587805,0.9087669253373367,0.9363900117657884,1,Network Leaders,Network Leaders
174,2024,FVCB,FVCBankcorp Inc,2198.95,18.752,235.354,1870.605,76.333,1.829,1870.235,164.926,15.064,55.589,2.534,12.86,2024,Optimal,0.058901797,0.0,0.0294508985,0.941098203,1.0,0.9705491015,0.9087669253373367,0.9363900117657884,1,Network Leaders,Network Leaders
182,2024,HAFC,Hanmi Financial Corp,7677.925,83.368,732.174,6435.776,432.938,15.591,6251.377,922.183,62.201,202.774,31.585,14.389,2024,Optimal,0.063098717,0.00061864173,0.0318586793649999,0.936901283,0.9987634815019428,0.968141320635,0.9087669253373367,0.9363900117657884,1,Network Leaders,Network Leaders
184,2024,HBAN,Huntington Bancshares Inc,204230.0,2701.0,19782.0,162448.0,16953.0,711.0,124588.0,44464.0,1940.0,5345.0,2040.0,822.0,2024,Optimal,0.0097398494,0.0,0.0048699247,0.9902601506,1.0,0.9951300753,0.9087669253373367,0.9363900117657884,1,Network Leaders,Network Leaders
185,2024,HBC2,HSBC USA Inc,170731.0,567.0,12489.0,123350.0,28069.0,610.0,62753.0,42735.0,825.0,1767.0,2030.0,879.0,2024,Optimal,0.0,0.0,0.0,1.0,1.0,1.0,0.9087669253373367,0.9363900117657884,1,Network Leaders,Network Leaders
189,2024,HBT,HBT Financial Inc,5032.902,76.441,544.605,4318.254,134.602,8.709,3466.146,1208.937,71.78,188.85,35.571,8.023,2024,Optimal,0.062754884,0.01759756,0.040176222,0.937245116,0.965413517697507,0.959823778,0.9087669253373367,0.9363900117657884,1,Network Leaders,Network Leaders
190,2024,HFBK,Harford Bank (Alberdeen MD),713.432,9.645,65.032,643.357,1.305,6.522,499.547,101.109,6.964,22.804,2.028,6.619,2024,Optimal,0.024961788,0.0,0.012480894,0.975038212,1.0,0.987519106,0.9087669253373367,0.9363900117657884,1,Network Leaders,Network Leaders
198,2024,HONT,Honat Bancorp Inc,1042.585,15.361,133.572,891.415,1.078,1.15,781.634,180.453,13.001,36.186,5.455,1.372,2024,Optimal,0.088344373,0.0,0.0441721865,0.911655627,1.0,0.9558278135,0.9087669253373367,0.9363900117657884,1,Network Leaders,Network Leaders
199,2024,HOPE,Hope Bancorp Inc,17054.008,177.86,2134.505,14327.489,392.643,45.528,13618.272,2132.824,99.63,427.851,47.077,90.793,2024,Optimal,0.050906875,0.0,0.0254534375,0.949093125,1.0,0.9745465625,0.9087669253373367,0.9363900117657884,1,Network Leaders,Network Leaders
203,2024,HWC,Hancock Whitney Corp,35081.785,469.377,4127.636,29492.851,967.376,62.664,23299.447,7609.112,460.815,1081.921,364.129,125.132,2024,Optimal,0.059198566,0.0,0.029599283,0.940801434,1.0,0.970400717,0.9087669253373367,0.9363900117657884,1,Network Leaders,Network Leaders
204,2024,IBCP,Independent Bank Corp,5338.104,84.955,454.686,4654.088,130.729,5.801,4038.825,914.717,66.79,166.248,56.362,6.94,2024,Optimal,0.046800398,0.0055474283,0.02617391315,0.953199602,0.9889663517724298,0.97382608685,0.9087669253373367,0.9363900117657884,1,Network Leaders,Network Leaders
214,2024,JPM,JPMorgan Chase & Co,4002814.0,51357.0,344758.0,2406032.0,760046.0,7597.0,1340940.0,900866.0,58471.0,92583.0,84973.0,9300.0,2024,Optimal,0.0,0.0,0.0,1.0,1.0,1.0,0.9087669253373367,0.9363900117657884,1,Network Leaders,Network Leaders
215,2024,JUVF,Juniata Valley Financial Corp,848.874,11.47,47.457,747.957,47.505,4.952,533.869,259.969,6.229,22.929,5.825,0.496,2024,Optimal,0.050628274,0.0,0.025314137,0.949371726,1.0,0.974685863,0.9087669253373367,0.9363900117657884,1,Network Leaders,Network Leaders
216,2024,KEY,KeyCorp,187168.0,2714.0,18176.0,149760.0,14755.0,591.0,101524.0,46143.0,-161.0,3765.0,809.0,772.0,2024,Optimal,0.0097294055,0.0026397733,0.0061845894,0.9902705945,0.9947343535130037,0.9938154106,0.9087669253373367,0.9363900117657884,1,Network Leaders,Network Leaders
220,2024,KSBI,KS Bancorp Inc,690.849,10.066,45.303,618.156,22.392,0.892,558.779,96.415,6.157,22.202,3.488,0.782,2024,Optimal,0.037303868,0.030684008,0.033993938,0.962696132,0.9404589422910692,0.966006062,0.9087669253373367,0.9363900117657884,1,Network Leaders,Network Leaders
224,2024,LKFN,Lakeland Financial Corp,6678.374,66.728,683.911,5900.966,6.777,16.096,5117.948,1144.414,93.478,196.679,56.844,56.886,2024,Optimal,0.0059180684,0.0,0.0029590342,0.9940819316,1.0,0.9970409658,0.9087669253373367,0.9363900117657884,1,Network Leaders,Network Leaders
225,2024,LOB,Live Oak Bancshares Inc,12943.38,183.268,1003.496,11760.494,115.588,141.444,10233.374,1256.003,77.474,375.905,123.781,306.241,2024,Optimal,0.0,0.0,0.0,1.0,1.0,1.0,0.9087669253373367,0.9363900117657884,1,Network Leaders,Network Leaders
231,2024,MCB,Metropolitan Bank Holding Corp,7300.749,77.859,729.827,5982.973,529.971,51.897,6034.076,946.387,66.686,253.084,23.829,32.6,2024,Optimal,0.083653806,0.0,0.041826903,0.916346194,1.0,0.958173097,0.9087669253373367,0.9363900117657884,1,Network Leaders,Network Leaders
234,2024,MCHB,Mechanics Bancorp,16490.112,191.173,2301.868,13941.804,56.094,56.047,9643.497,4522.995,28.999,519.169,-139.12,26.293,2024,Optimal,0.053922254,0.0,0.026961127,0.946077746,1.0,0.973038873,0.9087669253373367,0.9363900117657884,1,Network Leaders,Network Leaders
238,2024,MNSB,MainStreet Bancshares Inc,2228.098,30.475,207.991,1907.794,79.513,1.004,1830.006,102.448,-9.98,62.574,3.252,21.65,2024,Optimal,0.072418035,0.0,0.0362090175,0.927581965,1.0,0.9637909825,0.9087669253373367,0.9363900117657884,1,Network Leaders,Network Leaders
240,2024,MPB,Mid Penn Bancorp Inc,5470.936,64.098,655.018,4689.927,79.436,14.509,4443.07,650.813,49.437,156.671,22.493,22.654,2024,Optimal,0.050653079,0.0044258912,0.0275394850999999,0.949346921,0.9911872219966128,0.9724605149,0.9087669253373367,0.9363900117657884,1,Network Leaders,Network Leaders
242,2024,MSBC,Mission Bancorp/CA,1875.856,21.236,189.486,1649.325,24.675,0.35,1290.802,244.922,30.142,71.132,7.228,1.062,2024,Optimal,0.043140617,0.0,0.0215703085,0.956859383,1.0,0.9784296915,0.9087669253373367,0.9363900117657884,1,Network Leaders,Network Leaders
243,2024,MSBI,Midland States Bancorp Inc,7506.809,93.639,710.847,6197.243,484.565,67.701,5167.574,1246.089,38.044,236.346,138.741,157.409,2024,Optimal,0.086774433,0.0,0.0433872165,0.913225567,1.0,0.9566127835,0.9087669253373367,0.9363900117657884,1,Network Leaders,Network Leaders
244,2024,MTB,M&T Bank Corp,208105.0,3162.0,29027.0,161095.0,14342.0,2205.0,132914.0,34051.0,2588.0,6852.0,2427.0,1725.0,2024,Optimal,0.041183741,0.0,0.0205918705,0.958816259,1.0,0.9794081295,0.9087669253373367,0.9363900117657884,1,Network Leaders,Network Leaders
248,2024,NBHC,National Bank Holdings Corp,9807.693,146.243,1305.075,8237.893,152.344,32.316,7751.143,1137.117,118.815,345.388,61.231,36.656,2024,Optimal,0.077290105,0.0,0.0386450525,0.922709895,1.0,0.9613549475,0.9087669253373367,0.9363900117657884,1,Network Leaders,Network Leaders
250,2024,NBTB,NBT Bancorp Inc,13786.666,232.487,1526.141,11546.761,445.326,37.874,9969.91,2493.914,140.641,400.122,176.824,51.799,2024,Optimal,0.078302966,0.010862341,0.0445826535,0.921697034,0.9785087631432496,0.9554173465,0.9087669253373367,0.9363900117657884,1,Network Leaders,Network Leaders
252,2024,NEFB,Neffs Bancorp Inc,457.47,4.574,67.272,368.521,18.4,0.161,238.636,208.169,2.243,9.816,0.334,0.116,2024,Optimal,0.082086202,0.0,0.041043101,0.917913798,1.0,0.958956899,0.9087669253373367,0.9363900117657884,1,Network Leaders,Network Leaders
256,2024,NKSH,National Bankshares Inc,1811.636,19.214,156.409,1644.752,1.523,2.629,987.95,603.746,7.623,36.397,8.96,2.222,2024,Optimal,0.0096637515,0.0,0.00483187575,0.9903362485,1.0,0.99516812425,0.9087669253373367,0.9363900117657884,1,Network Leaders,Network Leaders
258,2024,NTRS,Northern Trust Corp,155508.4,2888.9,12788.4,122482.7,16642.3,65.1,43390.6,51291.7,2031.1,2177.1,6113.3,56.0,2024,Optimal,0.036826622,0.0,0.018413311,0.963173378,1.0,0.981586689,0.9087669253373367,0.9363900117657884,1,Network Leaders,Network Leaders
259,2024,NWBI,Northwest Bancshares Inc,14408.224,214.455,1596.856,12144.554,494.676,97.186,11180.014,1880.536,100.278,435.578,87.01,78.194,2024,Optimal,0.071510222,0.016259082,0.0438846519999999,0.928489778,0.9680020926002412,0.956115348,0.9087669253373367,0.9363900117657884,1,Network Leaders,Network Leaders
262,2024,OBK,Origin Bancorp Inc,9678.702,148.823,1145.245,8223.12,230.334,34.044,7573.713,1191.778,76.492,300.366,55.379,78.637,2024,Optimal,0.066680019,0.029491,0.0480855095,0.933319981,0.942707609877114,0.9519144905,0.9087669253373367,0.9363900117657884,1,Network Leaders,Network Leaders
266,2024,OFG,OFG Bancorp,11500.734,159.71,1254.371,9604.786,422.562,100.021,7791.962,2720.259,198.17,588.44,123.249,93.58,2024,Optimal,0.080523956,0.0,0.040261978,0.919476044,1.0,0.959738022,0.9087669253373367,0.9363900117657884,1,Network Leaders,Network Leaders
270,2024,ORPB,Oregon Pacific Bancorp,776.449,14.337,65.291,676.618,28.312,0.443,571.565,157.192,7.521,26.936,7.94,0.798,2024,Optimal,0.077364639,0.0,0.0386823195,0.922635361,1.0,0.9613176805,0.9087669253373367,0.9363900117657884,1,Network Leaders,Network Leaders
272,2024,OSBC,Old Second Bancorp Inc,5649.377,98.025,671.034,4768.731,141.897,73.902,3981.336,1181.142,85.264,241.635,43.819,51.904,2024,Optimal,0.076889395,0.0,0.0384446975,0.923110605,1.0,0.9615553025,0.9087669253373367,0.9363900117657884,1,Network Leaders,Network Leaders
275,2024,OZK,Bank OZK,38258.852,296.016,5706.194,31043.072,947.025,128.397,29968.867,2876.08,716.456,1533.724,124.413,200.875,2024,Optimal,0.044127635,0.0,0.0220638175,0.955872365,1.0,0.9779361825,0.9087669253373367,0.9363900117657884,1,Network Leaders,Network Leaders
280,2024,PCB,PCB Bancorp,3063.971,35.661,363.814,2615.791,33.671,6.474,2629.387,160.391,25.81,88.617,11.093,4.693,2024,Optimal,0.063551761,0.0,0.0317758805,0.936448239,1.0,0.9682241195,0.9087669253373367,0.9363900117657884,1,Network Leaders,Network Leaders
285,2024,PFIS,Peoples Financial Services Corp,5091.657,45.746,468.95,4407.552,168.292,4.948,3993.505,617.163,8.498,115.989,18.336,23.722,2024,Optimal,0.02095894,0.018378365,0.0196686525,0.97904106,0.9639066075407052,0.9803313475,0.9087669253373367,0.9363900117657884,1,Network Leaders,Network Leaders
286,2024,PFLC,Pacific Financial Corp,1153.563,24.944,113.856,1014.731,17.443,0.664,704.248,306.191,9.532,44.223,6.869,1.094,2024,Optimal,0.076342465,0.021193085,0.048767775,0.923657535,0.9584934811813772,0.951232225,0.9087669253373367,0.9363900117657884,1,Network Leaders,Network Leaders
289,2024,PKBK,Parke Bancorp Inc,2142.236,12.768,300.073,1631.05,190.512,8.788,1868.153,23.379,27.512,58.708,4.301,13.335,2024,Optimal,0.060964677,0.011291895,0.036128286,0.939035323,0.9776683763494416,0.963871714,0.9087669253373367,0.9363900117657884,1,Network Leaders,Network Leaders
292,2024,PNC,The PNC Financial Services Group Inc,560038.0,7302.0,54469.0,426738.0,63543.0,2216.0,309712.0,139732.0,5889.0,13499.0,8056.0,2357.0,2024,Optimal,0.0,0.0,0.0,1.0,1.0,1.0,0.9087669253373367,0.9363900117657884,1,Network Leaders,Network Leaders
293,2024,PNFP,Pinnacle Financial Partners Inc,52589.449,621.031,6431.881,42842.992,2835.203,86.635,35485.776,8381.268,475.056,1365.59,371.178,149.103,2024,Optimal,0.085201299,0.018675215,0.0519382569999999,0.914798701,0.963334309650402,0.948061743,0.9087669253373367,0.9363900117657884,1,Network Leaders,Network Leaders
295,2024,PRK,Park National Corp,9805.35,189.035,1243.848,8143.526,296.588,62.101,7817.128,1100.861,151.42,398.019,122.588,70.87,2024,Optimal,0.087707594,2.1872496e-05,0.043864733248,0.912292406,0.9999562559647912,0.956135266752,0.9087669253373367,0.9363900117657884,1,Network Leaders,Network Leaders
299,2024,PVBK,Pacific Valley Bancorp,655.647,7.578,56.379,579.52,17.818,0.107,485.992,27.7,4.423,17.427,1.478,0.168,2024,Optimal,0.030808118,0.0,0.015404059,0.969191882,1.0,0.984595941,0.9087669253373367,0.9363900117657884,1,Network Leaders,Network Leaders
306,2024,RF,Regions Financial Corp,157302.0,2529.0,17910.0,127603.0,7020.0,823.0,96727.0,32102.0,1893.0,4818.0,2265.0,942.0,2024,Optimal,0.011441669,0.0,0.0057208345,0.988558331,1.0,0.9942791655,0.9087669253373367,0.9363900117657884,1,Network Leaders,Network Leaders
309,2024,RRBI,Red River Bancshares Inc,3149.594,38.623,319.739,2805.106,2.864,2.602,2075.013,687.209,34.235,89.294,20.441,3.272,2024,Optimal,0.024112999,0.0,0.0120564995,0.975887001,1.0,0.9879435005,0.9087669253373367,0.9363900117657884,1,Network Leaders,Network Leaders
314,2024,SBNC,Southern Bancshares NC Inc,5385.584,62.646,603.651,4443.927,274.869,7.488,3248.926,1690.362,157.824,125.488,178.961,6.008,2024,Optimal,0.086457871,0.0,0.0432289355,0.913542129,1.0,0.9567710645,0.9087669253373367,0.9363900117657884,1,Network Leaders,Network Leaders
317,2024,SFBS,ServisFirst Bancshares Inc,17351.643,96.318,1616.772,13543.459,2085.524,22.528,12605.836,1887.553,227.242,446.659,35.056,44.997,2024,Optimal,0.021069417,0.012948686,0.0170090515,0.978930583,0.9744336782722278,0.9829909485,0.9087669253373367,0.9363900117657884,1,Network Leaders,Network Leaders
321,2024,SFST,Southern First Bankshares Inc,4087.593,43.546,330.444,3435.765,288.129,3.963,3631.767,151.617,15.53,81.222,12.141,10.877,2024,Optimal,0.068008035,0.0,0.0340040175,0.931991965,1.0,0.9659959825,0.9087669253373367,0.9363900117657884,1,Network Leaders,Network Leaders
324,2024,SMBC,Southern Missouri Bancorp Inc,4604.316,53.253,488.748,3952.457,131.875,11.29,3849.803,445.705,50.182,139.483,24.844,10.568,2024,Optimal,0.05105393,0.016449503,0.0337517165,0.94894607,0.967633408346504,0.9662482835,0.9087669253373367,0.9363900117657884,1,Network Leaders,Network Leaders
326,2024,SNV,Synovus Financial Corp.,60233.644,737.467,5266.251,51095.359,1864.837,288.177,42609.028,10296.861,482.46,1749.577,239.604,309.549,2024,Optimal,0.046295008,0.002808417,0.0245517125,0.953704992,0.9943988962350324,0.9754482875,0.9087669253373367,0.9363900117657884,1,Network Leaders,Network Leaders
329,2024,SPFI,South Plains Financial Inc,4232.239,74.338,438.949,3620.876,119.26,6.09,3055.054,577.24,49.717,147.098,48.072,24.553,2024,Optimal,0.067582771,0.028694122,0.0481384465,0.932417229,0.9442125285129216,0.9518615535,0.9087669253373367,0.9363900117657884,1,Network Leaders,Network Leaders
331,2024,SSB,SouthState Bank Corp,46381.204,606.869,5890.415,38060.866,1010.306,184.124,33902.927,6795.313,534.783,1415.454,302.262,213.354,2024,Optimal,0.079401404,0.0,0.039700702,0.920598596,1.0,0.960299298,0.9087669253373367,0.9363900117657884,1,Network Leaders,Network Leaders
332,2024,SSBI,Summit State Bank,1067.094,15.639,91.723,962.562,7.223,44.206,918.768,74.117,-4.193,29.476,3.459,32.191,2024,Optimal,0.039073631,0.0,0.0195368155,0.960926369,1.0,0.9804631845,0.9087669253373367,0.9363900117657884,1,Network Leaders,Network Leaders
335,2024,STEL,Stellar Bancorp Inc,10905.79,165.357,1607.86,9128.384,88.378,39.191,7439.854,1681.225,115.003,407.992,23.046,38.92,2024,Optimal,0.079941567,0.0,0.0399707835,0.920058433,1.0,0.9600292165,0.9087669253373367,0.9363900117657884,1,Network Leaders,Network Leaders
337,2024,TBBK,Bancorp Inc (The),8727.543,131.597,789.783,7746.046,123.696,30.218,6113.628,1518.502,217.54,376.241,157.514,95.789,2024,Optimal,0.025385514,0.0,0.012692757,0.974614486,1.0,0.987307243,0.9087669253373367,0.9363900117657884,1,Network Leaders,Network Leaders
339,2024,TCBK,TriCo Bancshares,9673.728,140.581,1220.907,8087.576,216.238,34.595,6768.523,2036.61,114.868,331.434,64.407,46.882,2024,Optimal,0.081687874,0.007491928,0.0445899009999999,0.918312126,0.9851275671957542,0.955410099,0.9087669253373367,0.9363900117657884,1,Network Leaders,Network Leaders
343,2024,TFC,Truist Financial Corp,531176.0,6506.0,63679.0,390524.0,65462.0,1488.0,306383.0,119374.0,4818.0,14091.0,-813.0,1477.0,2024,Optimal,0.0052277099,0.0,0.00261385495,0.9947722901,1.0,0.99738614505,0.9087669253373367,0.9363900117657884,1,Network Leaders,Network Leaders
346,2024,THFF,First Financial Corp,5560.348,74.555,549.041,4718.914,223.006,27.665,3837.141,1213.545,47.275,174.986,42.772,16.719,2024,Optimal,0.068303771,0.032660172,0.0504819715,0.931696229,0.9367455569885192,0.9495180285,0.9087669253373367,0.9363900117657884,1,Network Leaders,Network Leaders
348,2024,TOWN,TowneBank,17246.89,289.248,2155.627,14437.298,349.456,7.751,11459.055,2589.876,161.757,442.605,251.145,7.867,2024,Optimal,0.073931645,0.0,0.0369658225,0.926068355,1.0,0.9630341775,0.9087669253373367,0.9363900117657884,1,Network Leaders,Network Leaders
352,2024,TSBK,Timberland Bancorp Inc,1923.475,23.73,245.413,1647.668,21.575,1.596,1439.001,250.257,24.283,64.167,11.136,3.936,2024,Optimal,0.070952793,0.029788669,0.050370731,0.929047207,0.942146054046357,0.949629269,0.9087669253373367,0.9363900117657884,1,Network Leaders,Network Leaders
357,2024,UBSI,United Bankshares Inc,30023.545,288.239,4993.223,23961.859,803.281,48.113,21673.493,3259.296,372.996,911.068,123.695,73.727,2024,Optimal,0.088015292,0.0,0.044007646,0.911984708,1.0,0.955992354,0.9087669253373367,0.9363900117657884,1,Network Leaders,Network Leaders
358,2024,UCB,United Community Banks Inc,27720.258,340.043,3432.127,23460.975,494.314,92.877,18175.98,6804.398,252.397,827.368,124.756,115.635,2024,Optimal,0.054993341,0.0,0.0274966705,0.945006659,1.0,0.9725033295,0.9087669253373367,0.9363900117657884,1,Network Leaders,Network Leaders
359,2024,UMBF,UMB Financial Corp,50409.664,593.913,3466.541,43142.029,3050.128,14.95,25640.809,13621.619,441.243,1000.892,628.117,47.673,2024,Optimal,0.0,0.0,0.0,1.0,1.0,1.0,0.9087669253373367,0.9363900117657884,1,Network Leaders,Network Leaders
362,2024,USB,U.S. Bancorp,678318.0,10554.0,59040.0,518309.0,74889.0,1494.0,371562.0,164626.0,6299.0,16289.0,11046.0,1832.0,2024,Optimal,0.0,0.0,0.0,1.0,1.0,1.0,0.9087669253373367,0.9363900117657884,1,Network Leaders,Network Leaders
363,2024,UVSP,Univest Financial Corp,8128.417,123.745,887.301,6759.259,416.927,40.093,6826.583,532.958,75.931,211.17,88.055,33.205,2024,Optimal,0.087738745,0.011356551,0.049547648,0.912261255,0.97754194405767,0.950452352,0.9087669253373367,0.9363900117657884,1,Network Leaders,Network Leaders
364,2024,UWHR,Uwharrie Capital Corp,1128.808,20.806,57.679,1030.236,31.771,1.242,666.377,361.774,9.342,35.925,9.736,0.192,2024,Optimal,0.040903602,0.0,0.020451801,0.959096398,1.0,0.979548199,0.9087669253373367,0.9363900117657884,1,Network Leaders,Network Leaders
367,2024,VLY,Valley National Bancorp,62491.691,556.556,7435.127,50075.857,3692.631,293.386,48799.711,6972.81,380.271,1628.708,224.501,373.329,2024,Optimal,0.065935201,0.0,0.0329676005,0.934064799,1.0,0.9670323995,0.9087669253373367,0.9363900117657884,1,Network Leaders,Network Leaders
368,2024,WABC,Westamerica Bancorporation,6076.274,50.292,889.957,5011.85,138.307,0.791,820.3,4254.671,138.636,250.595,43.155,0.735,2024,Optimal,0.057814737,0.0,0.0289073685,0.942185263,1.0,0.9710926315,0.9087669253373367,0.9363900117657884,1,Network Leaders,Network Leaders
370,2024,WAL,Western Alliance Bancorporation,80934.0,631.1,6707.0,66341.0,6631.0,418.0,53676.0,15327.0,787.7,2618.9,543.2,656.0,2024,Optimal,0.0067148582,0.0,0.0033574291,0.9932851418,1.0,0.9966425709,0.9087669253373367,0.9363900117657884,1,Network Leaders,Network Leaders
372,2024,WBS,Webster Financial Corp,79025.073,762.794,9133.214,64753.08,3556.649,218.6,52505.168,17772.134,768.707,2338.387,251.899,461.751,2024,Optimal,0.052479238,0.0,0.026239619,0.947520762,1.0,0.973760381,0.9087669253373367,0.9363900117657884,1,Network Leaders,Network Leaders
373,2024,WCCB,West Coast Community Bancorp,2680.428,24.611,332.981,2310.483,18.765,9.525,2045.215,423.101,29.579,95.128,4.053,0.618,2024,Optimal,0.044235995,0.0,0.0221179975,0.955764005,1.0,0.9778820025,0.9087669253373367,0.9363900117657884,1,Network Leaders,Network Leaders
375,2024,WFC,Wells Fargo & Co,1929845.0,35729.0,181066.0,1371804.0,286307.0,8443.0,896332.0,439300.0,19722.0,47676.0,34620.0,7936.0,2024,Optimal,0.0,3.7033795000000004e-16,1.85168975e-16,1.0,0.9999999999999992,0.9999999999999998,0.9087669253373367,0.9363900117657884,1,Network Leaders,Network Leaders
380,2024,WTBA,West Bancorporation Inc,4014.991,27.588,227.875,3357.596,397.18,0.296,3004.86,559.694,24.05,71.362,8.434,0.133,2024,Optimal,0.0,0.0,0.0,1.0,1.0,1.0,0.9087669253373367,0.9363900117657884,1,Network Leaders,Network Leaders
382,2024,WTFC,Wintrust Financial Corp.,64879.668,817.108,6344.297,52512.349,4391.571,152.339,48055.037,8251.564,695.045,1962.535,488.325,193.939,2024,Optimal,0.089880554,0.0,0.044940277,0.910119446,1.0,0.955059723,0.9087669253373367,0.9363900117657884,1,Network Leaders,Network Leaders
383,2024,ZION,Zions Bancorporation National Association,88775.0,1287.0,6124.0,76223.0,5022.0,228.0,59033.0,18981.0,784.0,2430.0,700.0,298.0,2024,Optimal,0.0,0.013659372,0.006829686,1.0,0.973049384482976,0.993170314,0.9087669253373367,0.9363900117657884,1,Network Leaders,Network Leaders
