Model_A,Model_B,Metric,Value_A,Value_B,Outcome
AdaBoost Optuna,Bagging Optuna,Accuracy,0.593,0.616,Bagging Optuna wins
AdaBoost Optuna,Bagging Optuna,Macro Precision,0.59,0.622,Bagging Optuna wins
AdaBoost Optuna,Bagging Optuna,Macro Recall,0.586,0.603,Bagging Optuna wins
AdaBoost Optuna,Bagging Optuna,Macro F1,0.586,0.609,Bagging Optuna wins
AdaBoost Optuna,Bagging Optuna,Weighted Precision,0.593,0.619,Bagging Optuna wins
AdaBoost Optuna,Bagging Optuna,Weighted Recall,0.593,0.616,Bagging Optuna wins
AdaBoost Optuna,Bagging Optuna,Weighted F1,0.591,0.615,Bagging Optuna wins
AdaBoost Optuna,Bagging Optuna,Avg AUC,0.855,0.841,AdaBoost Optuna wins
AdaBoost Optuna,CatBoost Optuna,Accuracy,0.593,0.645,CatBoost Optuna wins
AdaBoost Optuna,CatBoost Optuna,Macro Precision,0.59,0.637,CatBoost Optuna wins
AdaBoost Optuna,CatBoost Optuna,Macro Recall,0.586,0.633,CatBoost Optuna wins
AdaBoost Optuna,CatBoost Optuna,Macro F1,0.586,0.635,CatBoost Optuna wins
AdaBoost Optuna,CatBoost Optuna,Weighted Precision,0.593,0.644,CatBoost Optuna wins
AdaBoost Optuna,CatBoost Optuna,Weighted Recall,0.593,0.645,CatBoost Optuna wins
AdaBoost Optuna,CatBoost Optuna,Weighted F1,0.591,0.644,CatBoost Optuna wins
AdaBoost Optuna,CatBoost Optuna,Avg AUC,0.855,0.855,Draw
AdaBoost Optuna,Extra Trees Optuna,Accuracy,0.593,0.616,Extra Trees Optuna wins
AdaBoost Optuna,Extra Trees Optuna,Macro Precision,0.59,0.623,Extra Trees Optuna wins
AdaBoost Optuna,Extra Trees Optuna,Macro Recall,0.586,0.601,Extra Trees Optuna wins
AdaBoost Optuna,Extra Trees Optuna,Macro F1,0.586,0.609,Extra Trees Optuna wins
AdaBoost Optuna,Extra Trees Optuna,Weighted Precision,0.593,0.619,Extra Trees Optuna wins
AdaBoost Optuna,Extra Trees Optuna,Weighted Recall,0.593,0.616,Extra Trees Optuna wins
AdaBoost Optuna,Extra Trees Optuna,Weighted F1,0.591,0.615,Extra Trees Optuna wins
AdaBoost Optuna,Extra Trees Optuna,Avg AUC,0.855,0.844,AdaBoost Optuna wins
AdaBoost Optuna,LightGBM Optuna,Accuracy,0.593,0.658,LightGBM Optuna wins
AdaBoost Optuna,LightGBM Optuna,Macro Precision,0.59,0.661,LightGBM Optuna wins
AdaBoost Optuna,LightGBM Optuna,Macro Recall,0.586,0.649,LightGBM Optuna wins
AdaBoost Optuna,LightGBM Optuna,Macro F1,0.586,0.654,LightGBM Optuna wins
AdaBoost Optuna,LightGBM Optuna,Weighted Precision,0.593,0.658,LightGBM Optuna wins
AdaBoost Optuna,LightGBM Optuna,Weighted Recall,0.593,0.658,LightGBM Optuna wins
AdaBoost Optuna,LightGBM Optuna,Weighted F1,0.591,0.657,LightGBM Optuna wins
AdaBoost Optuna,LightGBM Optuna,Avg AUC,0.855,0.855,Draw
AdaBoost Optuna,Random Forest Optuna,Accuracy,0.593,0.603,Random Forest Optuna wins
AdaBoost Optuna,Random Forest Optuna,Macro Precision,0.59,0.601,Random Forest Optuna wins
AdaBoost Optuna,Random Forest Optuna,Macro Recall,0.586,0.592,Random Forest Optuna wins
AdaBoost Optuna,Random Forest Optuna,Macro F1,0.586,0.596,Random Forest Optuna wins
AdaBoost Optuna,Random Forest Optuna,Weighted Precision,0.593,0.603,Random Forest Optuna wins
AdaBoost Optuna,Random Forest Optuna,Weighted Recall,0.593,0.603,Random Forest Optuna wins
AdaBoost Optuna,Random Forest Optuna,Weighted F1,0.591,0.602,Random Forest Optuna wins
AdaBoost Optuna,Random Forest Optuna,Avg AUC,0.855,0.845,AdaBoost Optuna wins
AdaBoost Optuna,Stacking Classifier,Accuracy,0.593,0.593,Draw
AdaBoost Optuna,Stacking Classifier,Macro Precision,0.59,0.582,AdaBoost Optuna wins
AdaBoost Optuna,Stacking Classifier,Macro Recall,0.586,0.58,AdaBoost Optuna wins
AdaBoost Optuna,Stacking Classifier,Macro F1,0.586,0.58,AdaBoost Optuna wins
AdaBoost Optuna,Stacking Classifier,Weighted Precision,0.593,0.592,AdaBoost Optuna wins
AdaBoost Optuna,Stacking Classifier,Weighted Recall,0.593,0.593,Draw
AdaBoost Optuna,Stacking Classifier,Weighted F1,0.591,0.591,Draw
AdaBoost Optuna,Stacking Classifier,Avg AUC,0.855,0.802,AdaBoost Optuna wins
AdaBoost Optuna,Voting Classifier,Accuracy,0.593,0.664,Voting Classifier wins
AdaBoost Optuna,Voting Classifier,Macro Precision,0.59,0.66,Voting Classifier wins
AdaBoost Optuna,Voting Classifier,Macro Recall,0.586,0.659,Voting Classifier wins
AdaBoost Optuna,Voting Classifier,Macro F1,0.586,0.659,Voting Classifier wins
AdaBoost Optuna,Voting Classifier,Weighted Precision,0.593,0.664,Voting Classifier wins
AdaBoost Optuna,Voting Classifier,Weighted Recall,0.593,0.664,Voting Classifier wins
AdaBoost Optuna,Voting Classifier,Weighted F1,0.591,0.664,Voting Classifier wins
AdaBoost Optuna,Voting Classifier,Avg AUC,0.855,0.864,Voting Classifier wins
AdaBoost Optuna,XGBoost Optuna,Accuracy,0.593,0.642,XGBoost Optuna wins
AdaBoost Optuna,XGBoost Optuna,Macro Precision,0.59,0.632,XGBoost Optuna wins
AdaBoost Optuna,XGBoost Optuna,Macro Recall,0.586,0.636,XGBoost Optuna wins
AdaBoost Optuna,XGBoost Optuna,Macro F1,0.586,0.634,XGBoost Optuna wins
AdaBoost Optuna,XGBoost Optuna,Weighted Precision,0.593,0.643,XGBoost Optuna wins
AdaBoost Optuna,XGBoost Optuna,Weighted Recall,0.593,0.642,XGBoost Optuna wins
AdaBoost Optuna,XGBoost Optuna,Weighted F1,0.591,0.642,XGBoost Optuna wins
AdaBoost Optuna,XGBoost Optuna,Avg AUC,0.855,0.854,AdaBoost Optuna wins
Bagging Optuna,CatBoost Optuna,Accuracy,0.616,0.645,CatBoost Optuna wins
Bagging Optuna,CatBoost Optuna,Macro Precision,0.622,0.637,CatBoost Optuna wins
Bagging Optuna,CatBoost Optuna,Macro Recall,0.603,0.633,CatBoost Optuna wins
Bagging Optuna,CatBoost Optuna,Macro F1,0.609,0.635,CatBoost Optuna wins
Bagging Optuna,CatBoost Optuna,Weighted Precision,0.619,0.644,CatBoost Optuna wins
Bagging Optuna,CatBoost Optuna,Weighted Recall,0.616,0.645,CatBoost Optuna wins
Bagging Optuna,CatBoost Optuna,Weighted F1,0.615,0.644,CatBoost Optuna wins
Bagging Optuna,CatBoost Optuna,Avg AUC,0.841,0.855,CatBoost Optuna wins
Bagging Optuna,Extra Trees Optuna,Accuracy,0.616,0.616,Draw
Bagging Optuna,Extra Trees Optuna,Macro Precision,0.622,0.623,Extra Trees Optuna wins
Bagging Optuna,Extra Trees Optuna,Macro Recall,0.603,0.601,Bagging Optuna wins
Bagging Optuna,Extra Trees Optuna,Macro F1,0.609,0.609,Draw
Bagging Optuna,Extra Trees Optuna,Weighted Precision,0.619,0.619,Draw
Bagging Optuna,Extra Trees Optuna,Weighted Recall,0.616,0.616,Draw
Bagging Optuna,Extra Trees Optuna,Weighted F1,0.615,0.615,Draw
Bagging Optuna,Extra Trees Optuna,Avg AUC,0.841,0.844,Extra Trees Optuna wins
Bagging Optuna,LightGBM Optuna,Accuracy,0.616,0.658,LightGBM Optuna wins
Bagging Optuna,LightGBM Optuna,Macro Precision,0.622,0.661,LightGBM Optuna wins
Bagging Optuna,LightGBM Optuna,Macro Recall,0.603,0.649,LightGBM Optuna wins
Bagging Optuna,LightGBM Optuna,Macro F1,0.609,0.654,LightGBM Optuna wins
Bagging Optuna,LightGBM Optuna,Weighted Precision,0.619,0.658,LightGBM Optuna wins
Bagging Optuna,LightGBM Optuna,Weighted Recall,0.616,0.658,LightGBM Optuna wins
Bagging Optuna,LightGBM Optuna,Weighted F1,0.615,0.657,LightGBM Optuna wins
Bagging Optuna,LightGBM Optuna,Avg AUC,0.841,0.855,LightGBM Optuna wins
Bagging Optuna,Random Forest Optuna,Accuracy,0.616,0.603,Bagging Optuna wins
Bagging Optuna,Random Forest Optuna,Macro Precision,0.622,0.601,Bagging Optuna wins
Bagging Optuna,Random Forest Optuna,Macro Recall,0.603,0.592,Bagging Optuna wins
Bagging Optuna,Random Forest Optuna,Macro F1,0.609,0.596,Bagging Optuna wins
Bagging Optuna,Random Forest Optuna,Weighted Precision,0.619,0.603,Bagging Optuna wins
Bagging Optuna,Random Forest Optuna,Weighted Recall,0.616,0.603,Bagging Optuna wins
Bagging Optuna,Random Forest Optuna,Weighted F1,0.615,0.602,Bagging Optuna wins
Bagging Optuna,Random Forest Optuna,Avg AUC,0.841,0.845,Random Forest Optuna wins
Bagging Optuna,Stacking Classifier,Accuracy,0.616,0.593,Bagging Optuna wins
Bagging Optuna,Stacking Classifier,Macro Precision,0.622,0.582,Bagging Optuna wins
Bagging Optuna,Stacking Classifier,Macro Recall,0.603,0.58,Bagging Optuna wins
Bagging Optuna,Stacking Classifier,Macro F1,0.609,0.58,Bagging Optuna wins
Bagging Optuna,Stacking Classifier,Weighted Precision,0.619,0.592,Bagging Optuna wins
Bagging Optuna,Stacking Classifier,Weighted Recall,0.616,0.593,Bagging Optuna wins
Bagging Optuna,Stacking Classifier,Weighted F1,0.615,0.591,Bagging Optuna wins
Bagging Optuna,Stacking Classifier,Avg AUC,0.841,0.802,Bagging Optuna wins
Bagging Optuna,Voting Classifier,Accuracy,0.616,0.664,Voting Classifier wins
Bagging Optuna,Voting Classifier,Macro Precision,0.622,0.66,Voting Classifier wins
Bagging Optuna,Voting Classifier,Macro Recall,0.603,0.659,Voting Classifier wins
Bagging Optuna,Voting Classifier,Macro F1,0.609,0.659,Voting Classifier wins
Bagging Optuna,Voting Classifier,Weighted Precision,0.619,0.664,Voting Classifier wins
Bagging Optuna,Voting Classifier,Weighted Recall,0.616,0.664,Voting Classifier wins
Bagging Optuna,Voting Classifier,Weighted F1,0.615,0.664,Voting Classifier wins
Bagging Optuna,Voting Classifier,Avg AUC,0.841,0.864,Voting Classifier wins
Bagging Optuna,XGBoost Optuna,Accuracy,0.616,0.642,XGBoost Optuna wins
Bagging Optuna,XGBoost Optuna,Macro Precision,0.622,0.632,XGBoost Optuna wins
Bagging Optuna,XGBoost Optuna,Macro Recall,0.603,0.636,XGBoost Optuna wins
Bagging Optuna,XGBoost Optuna,Macro F1,0.609,0.634,XGBoost Optuna wins
Bagging Optuna,XGBoost Optuna,Weighted Precision,0.619,0.643,XGBoost Optuna wins
Bagging Optuna,XGBoost Optuna,Weighted Recall,0.616,0.642,XGBoost Optuna wins
Bagging Optuna,XGBoost Optuna,Weighted F1,0.615,0.642,XGBoost Optuna wins
Bagging Optuna,XGBoost Optuna,Avg AUC,0.841,0.854,XGBoost Optuna wins
CatBoost Optuna,Extra Trees Optuna,Accuracy,0.645,0.616,CatBoost Optuna wins
CatBoost Optuna,Extra Trees Optuna,Macro Precision,0.637,0.623,CatBoost Optuna wins
CatBoost Optuna,Extra Trees Optuna,Macro Recall,0.633,0.601,CatBoost Optuna wins
CatBoost Optuna,Extra Trees Optuna,Macro F1,0.635,0.609,CatBoost Optuna wins
CatBoost Optuna,Extra Trees Optuna,Weighted Precision,0.644,0.619,CatBoost Optuna wins
CatBoost Optuna,Extra Trees Optuna,Weighted Recall,0.645,0.616,CatBoost Optuna wins
CatBoost Optuna,Extra Trees Optuna,Weighted F1,0.644,0.615,CatBoost Optuna wins
CatBoost Optuna,Extra Trees Optuna,Avg AUC,0.855,0.844,CatBoost Optuna wins
CatBoost Optuna,LightGBM Optuna,Accuracy,0.645,0.658,LightGBM Optuna wins
CatBoost Optuna,LightGBM Optuna,Macro Precision,0.637,0.661,LightGBM Optuna wins
CatBoost Optuna,LightGBM Optuna,Macro Recall,0.633,0.649,LightGBM Optuna wins
CatBoost Optuna,LightGBM Optuna,Macro F1,0.635,0.654,LightGBM Optuna wins
CatBoost Optuna,LightGBM Optuna,Weighted Precision,0.644,0.658,LightGBM Optuna wins
CatBoost Optuna,LightGBM Optuna,Weighted Recall,0.645,0.658,LightGBM Optuna wins
CatBoost Optuna,LightGBM Optuna,Weighted F1,0.644,0.657,LightGBM Optuna wins
CatBoost Optuna,LightGBM Optuna,Avg AUC,0.855,0.855,Draw
CatBoost Optuna,Random Forest Optuna,Accuracy,0.645,0.603,CatBoost Optuna wins
CatBoost Optuna,Random Forest Optuna,Macro Precision,0.637,0.601,CatBoost Optuna wins
CatBoost Optuna,Random Forest Optuna,Macro Recall,0.633,0.592,CatBoost Optuna wins
CatBoost Optuna,Random Forest Optuna,Macro F1,0.635,0.596,CatBoost Optuna wins
CatBoost Optuna,Random Forest Optuna,Weighted Precision,0.644,0.603,CatBoost Optuna wins
CatBoost Optuna,Random Forest Optuna,Weighted Recall,0.645,0.603,CatBoost Optuna wins
CatBoost Optuna,Random Forest Optuna,Weighted F1,0.644,0.602,CatBoost Optuna wins
CatBoost Optuna,Random Forest Optuna,Avg AUC,0.855,0.845,CatBoost Optuna wins
CatBoost Optuna,Stacking Classifier,Accuracy,0.645,0.593,CatBoost Optuna wins
CatBoost Optuna,Stacking Classifier,Macro Precision,0.637,0.582,CatBoost Optuna wins
CatBoost Optuna,Stacking Classifier,Macro Recall,0.633,0.58,CatBoost Optuna wins
CatBoost Optuna,Stacking Classifier,Macro F1,0.635,0.58,CatBoost Optuna wins
CatBoost Optuna,Stacking Classifier,Weighted Precision,0.644,0.592,CatBoost Optuna wins
CatBoost Optuna,Stacking Classifier,Weighted Recall,0.645,0.593,CatBoost Optuna wins
CatBoost Optuna,Stacking Classifier,Weighted F1,0.644,0.591,CatBoost Optuna wins
CatBoost Optuna,Stacking Classifier,Avg AUC,0.855,0.802,CatBoost Optuna wins
CatBoost Optuna,Voting Classifier,Accuracy,0.645,0.664,Voting Classifier wins
CatBoost Optuna,Voting Classifier,Macro Precision,0.637,0.66,Voting Classifier wins
CatBoost Optuna,Voting Classifier,Macro Recall,0.633,0.659,Voting Classifier wins
CatBoost Optuna,Voting Classifier,Macro F1,0.635,0.659,Voting Classifier wins
CatBoost Optuna,Voting Classifier,Weighted Precision,0.644,0.664,Voting Classifier wins
CatBoost Optuna,Voting Classifier,Weighted Recall,0.645,0.664,Voting Classifier wins
CatBoost Optuna,Voting Classifier,Weighted F1,0.644,0.664,Voting Classifier wins
CatBoost Optuna,Voting Classifier,Avg AUC,0.855,0.864,Voting Classifier wins
CatBoost Optuna,XGBoost Optuna,Accuracy,0.645,0.642,CatBoost Optuna wins
CatBoost Optuna,XGBoost Optuna,Macro Precision,0.637,0.632,CatBoost Optuna wins
CatBoost Optuna,XGBoost Optuna,Macro Recall,0.633,0.636,XGBoost Optuna wins
CatBoost Optuna,XGBoost Optuna,Macro F1,0.635,0.634,CatBoost Optuna wins
CatBoost Optuna,XGBoost Optuna,Weighted Precision,0.644,0.643,CatBoost Optuna wins
CatBoost Optuna,XGBoost Optuna,Weighted Recall,0.645,0.642,CatBoost Optuna wins
CatBoost Optuna,XGBoost Optuna,Weighted F1,0.644,0.642,CatBoost Optuna wins
CatBoost Optuna,XGBoost Optuna,Avg AUC,0.855,0.854,CatBoost Optuna wins
Extra Trees Optuna,LightGBM Optuna,Accuracy,0.616,0.658,LightGBM Optuna wins
Extra Trees Optuna,LightGBM Optuna,Macro Precision,0.623,0.661,LightGBM Optuna wins
Extra Trees Optuna,LightGBM Optuna,Macro Recall,0.601,0.649,LightGBM Optuna wins
Extra Trees Optuna,LightGBM Optuna,Macro F1,0.609,0.654,LightGBM Optuna wins
Extra Trees Optuna,LightGBM Optuna,Weighted Precision,0.619,0.658,LightGBM Optuna wins
Extra Trees Optuna,LightGBM Optuna,Weighted Recall,0.616,0.658,LightGBM Optuna wins
Extra Trees Optuna,LightGBM Optuna,Weighted F1,0.615,0.657,LightGBM Optuna wins
Extra Trees Optuna,LightGBM Optuna,Avg AUC,0.844,0.855,LightGBM Optuna wins
Extra Trees Optuna,Random Forest Optuna,Accuracy,0.616,0.603,Extra Trees Optuna wins
Extra Trees Optuna,Random Forest Optuna,Macro Precision,0.623,0.601,Extra Trees Optuna wins
Extra Trees Optuna,Random Forest Optuna,Macro Recall,0.601,0.592,Extra Trees Optuna wins
Extra Trees Optuna,Random Forest Optuna,Macro F1,0.609,0.596,Extra Trees Optuna wins
Extra Trees Optuna,Random Forest Optuna,Weighted Precision,0.619,0.603,Extra Trees Optuna wins
Extra Trees Optuna,Random Forest Optuna,Weighted Recall,0.616,0.603,Extra Trees Optuna wins
Extra Trees Optuna,Random Forest Optuna,Weighted F1,0.615,0.602,Extra Trees Optuna wins
Extra Trees Optuna,Random Forest Optuna,Avg AUC,0.844,0.845,Random Forest Optuna wins
Extra Trees Optuna,Stacking Classifier,Accuracy,0.616,0.593,Extra Trees Optuna wins
Extra Trees Optuna,Stacking Classifier,Macro Precision,0.623,0.582,Extra Trees Optuna wins
Extra Trees Optuna,Stacking Classifier,Macro Recall,0.601,0.58,Extra Trees Optuna wins
Extra Trees Optuna,Stacking Classifier,Macro F1,0.609,0.58,Extra Trees Optuna wins
Extra Trees Optuna,Stacking Classifier,Weighted Precision,0.619,0.592,Extra Trees Optuna wins
Extra Trees Optuna,Stacking Classifier,Weighted Recall,0.616,0.593,Extra Trees Optuna wins
Extra Trees Optuna,Stacking Classifier,Weighted F1,0.615,0.591,Extra Trees Optuna wins
Extra Trees Optuna,Stacking Classifier,Avg AUC,0.844,0.802,Extra Trees Optuna wins
Extra Trees Optuna,Voting Classifier,Accuracy,0.616,0.664,Voting Classifier wins
Extra Trees Optuna,Voting Classifier,Macro Precision,0.623,0.66,Voting Classifier wins
Extra Trees Optuna,Voting Classifier,Macro Recall,0.601,0.659,Voting Classifier wins
Extra Trees Optuna,Voting Classifier,Macro F1,0.609,0.659,Voting Classifier wins
Extra Trees Optuna,Voting Classifier,Weighted Precision,0.619,0.664,Voting Classifier wins
Extra Trees Optuna,Voting Classifier,Weighted Recall,0.616,0.664,Voting Classifier wins
Extra Trees Optuna,Voting Classifier,Weighted F1,0.615,0.664,Voting Classifier wins
Extra Trees Optuna,Voting Classifier,Avg AUC,0.844,0.864,Voting Classifier wins
Extra Trees Optuna,XGBoost Optuna,Accuracy,0.616,0.642,XGBoost Optuna wins
Extra Trees Optuna,XGBoost Optuna,Macro Precision,0.623,0.632,XGBoost Optuna wins
Extra Trees Optuna,XGBoost Optuna,Macro Recall,0.601,0.636,XGBoost Optuna wins
Extra Trees Optuna,XGBoost Optuna,Macro F1,0.609,0.634,XGBoost Optuna wins
Extra Trees Optuna,XGBoost Optuna,Weighted Precision,0.619,0.643,XGBoost Optuna wins
Extra Trees Optuna,XGBoost Optuna,Weighted Recall,0.616,0.642,XGBoost Optuna wins
Extra Trees Optuna,XGBoost Optuna,Weighted F1,0.615,0.642,XGBoost Optuna wins
Extra Trees Optuna,XGBoost Optuna,Avg AUC,0.844,0.854,XGBoost Optuna wins
LightGBM Optuna,Random Forest Optuna,Accuracy,0.658,0.603,LightGBM Optuna wins
LightGBM Optuna,Random Forest Optuna,Macro Precision,0.661,0.601,LightGBM Optuna wins
LightGBM Optuna,Random Forest Optuna,Macro Recall,0.649,0.592,LightGBM Optuna wins
LightGBM Optuna,Random Forest Optuna,Macro F1,0.654,0.596,LightGBM Optuna wins
LightGBM Optuna,Random Forest Optuna,Weighted Precision,0.658,0.603,LightGBM Optuna wins
LightGBM Optuna,Random Forest Optuna,Weighted Recall,0.658,0.603,LightGBM Optuna wins
LightGBM Optuna,Random Forest Optuna,Weighted F1,0.657,0.602,LightGBM Optuna wins
LightGBM Optuna,Random Forest Optuna,Avg AUC,0.855,0.845,LightGBM Optuna wins
LightGBM Optuna,Stacking Classifier,Accuracy,0.658,0.593,LightGBM Optuna wins
LightGBM Optuna,Stacking Classifier,Macro Precision,0.661,0.582,LightGBM Optuna wins
LightGBM Optuna,Stacking Classifier,Macro Recall,0.649,0.58,LightGBM Optuna wins
LightGBM Optuna,Stacking Classifier,Macro F1,0.654,0.58,LightGBM Optuna wins
LightGBM Optuna,Stacking Classifier,Weighted Precision,0.658,0.592,LightGBM Optuna wins
LightGBM Optuna,Stacking Classifier,Weighted Recall,0.658,0.593,LightGBM Optuna wins
LightGBM Optuna,Stacking Classifier,Weighted F1,0.657,0.591,LightGBM Optuna wins
LightGBM Optuna,Stacking Classifier,Avg AUC,0.855,0.802,LightGBM Optuna wins
LightGBM Optuna,Voting Classifier,Accuracy,0.658,0.664,Voting Classifier wins
LightGBM Optuna,Voting Classifier,Macro Precision,0.661,0.66,LightGBM Optuna wins
LightGBM Optuna,Voting Classifier,Macro Recall,0.649,0.659,Voting Classifier wins
LightGBM Optuna,Voting Classifier,Macro F1,0.654,0.659,Voting Classifier wins
LightGBM Optuna,Voting Classifier,Weighted Precision,0.658,0.664,Voting Classifier wins
LightGBM Optuna,Voting Classifier,Weighted Recall,0.658,0.664,Voting Classifier wins
LightGBM Optuna,Voting Classifier,Weighted F1,0.657,0.664,Voting Classifier wins
LightGBM Optuna,Voting Classifier,Avg AUC,0.855,0.864,Voting Classifier wins
LightGBM Optuna,XGBoost Optuna,Accuracy,0.658,0.642,LightGBM Optuna wins
LightGBM Optuna,XGBoost Optuna,Macro Precision,0.661,0.632,LightGBM Optuna wins
LightGBM Optuna,XGBoost Optuna,Macro Recall,0.649,0.636,LightGBM Optuna wins
LightGBM Optuna,XGBoost Optuna,Macro F1,0.654,0.634,LightGBM Optuna wins
LightGBM Optuna,XGBoost Optuna,Weighted Precision,0.658,0.643,LightGBM Optuna wins
LightGBM Optuna,XGBoost Optuna,Weighted Recall,0.658,0.642,LightGBM Optuna wins
LightGBM Optuna,XGBoost Optuna,Weighted F1,0.657,0.642,LightGBM Optuna wins
LightGBM Optuna,XGBoost Optuna,Avg AUC,0.855,0.854,LightGBM Optuna wins
Random Forest Optuna,Stacking Classifier,Accuracy,0.603,0.593,Random Forest Optuna wins
Random Forest Optuna,Stacking Classifier,Macro Precision,0.601,0.582,Random Forest Optuna wins
Random Forest Optuna,Stacking Classifier,Macro Recall,0.592,0.58,Random Forest Optuna wins
Random Forest Optuna,Stacking Classifier,Macro F1,0.596,0.58,Random Forest Optuna wins
Random Forest Optuna,Stacking Classifier,Weighted Precision,0.603,0.592,Random Forest Optuna wins
Random Forest Optuna,Stacking Classifier,Weighted Recall,0.603,0.593,Random Forest Optuna wins
Random Forest Optuna,Stacking Classifier,Weighted F1,0.602,0.591,Random Forest Optuna wins
Random Forest Optuna,Stacking Classifier,Avg AUC,0.845,0.802,Random Forest Optuna wins
Random Forest Optuna,Voting Classifier,Accuracy,0.603,0.664,Voting Classifier wins
Random Forest Optuna,Voting Classifier,Macro Precision,0.601,0.66,Voting Classifier wins
Random Forest Optuna,Voting Classifier,Macro Recall,0.592,0.659,Voting Classifier wins
Random Forest Optuna,Voting Classifier,Macro F1,0.596,0.659,Voting Classifier wins
Random Forest Optuna,Voting Classifier,Weighted Precision,0.603,0.664,Voting Classifier wins
Random Forest Optuna,Voting Classifier,Weighted Recall,0.603,0.664,Voting Classifier wins
Random Forest Optuna,Voting Classifier,Weighted F1,0.602,0.664,Voting Classifier wins
Random Forest Optuna,Voting Classifier,Avg AUC,0.845,0.864,Voting Classifier wins
Random Forest Optuna,XGBoost Optuna,Accuracy,0.603,0.642,XGBoost Optuna wins
Random Forest Optuna,XGBoost Optuna,Macro Precision,0.601,0.632,XGBoost Optuna wins
Random Forest Optuna,XGBoost Optuna,Macro Recall,0.592,0.636,XGBoost Optuna wins
Random Forest Optuna,XGBoost Optuna,Macro F1,0.596,0.634,XGBoost Optuna wins
Random Forest Optuna,XGBoost Optuna,Weighted Precision,0.603,0.643,XGBoost Optuna wins
Random Forest Optuna,XGBoost Optuna,Weighted Recall,0.603,0.642,XGBoost Optuna wins
Random Forest Optuna,XGBoost Optuna,Weighted F1,0.602,0.642,XGBoost Optuna wins
Random Forest Optuna,XGBoost Optuna,Avg AUC,0.845,0.854,XGBoost Optuna wins
Stacking Classifier,Voting Classifier,Accuracy,0.593,0.664,Voting Classifier wins
Stacking Classifier,Voting Classifier,Macro Precision,0.582,0.66,Voting Classifier wins
Stacking Classifier,Voting Classifier,Macro Recall,0.58,0.659,Voting Classifier wins
Stacking Classifier,Voting Classifier,Macro F1,0.58,0.659,Voting Classifier wins
Stacking Classifier,Voting Classifier,Weighted Precision,0.592,0.664,Voting Classifier wins
Stacking Classifier,Voting Classifier,Weighted Recall,0.593,0.664,Voting Classifier wins
Stacking Classifier,Voting Classifier,Weighted F1,0.591,0.664,Voting Classifier wins
Stacking Classifier,Voting Classifier,Avg AUC,0.802,0.864,Voting Classifier wins
Stacking Classifier,XGBoost Optuna,Accuracy,0.593,0.642,XGBoost Optuna wins
Stacking Classifier,XGBoost Optuna,Macro Precision,0.582,0.632,XGBoost Optuna wins
Stacking Classifier,XGBoost Optuna,Macro Recall,0.58,0.636,XGBoost Optuna wins
Stacking Classifier,XGBoost Optuna,Macro F1,0.58,0.634,XGBoost Optuna wins
Stacking Classifier,XGBoost Optuna,Weighted Precision,0.592,0.643,XGBoost Optuna wins
Stacking Classifier,XGBoost Optuna,Weighted Recall,0.593,0.642,XGBoost Optuna wins
Stacking Classifier,XGBoost Optuna,Weighted F1,0.591,0.642,XGBoost Optuna wins
Stacking Classifier,XGBoost Optuna,Avg AUC,0.802,0.854,XGBoost Optuna wins
Voting Classifier,XGBoost Optuna,Accuracy,0.664,0.642,Voting Classifier wins
Voting Classifier,XGBoost Optuna,Macro Precision,0.66,0.632,Voting Classifier wins
Voting Classifier,XGBoost Optuna,Macro Recall,0.659,0.636,Voting Classifier wins
Voting Classifier,XGBoost Optuna,Macro F1,0.659,0.634,Voting Classifier wins
Voting Classifier,XGBoost Optuna,Weighted Precision,0.664,0.643,Voting Classifier wins
Voting Classifier,XGBoost Optuna,Weighted Recall,0.664,0.642,Voting Classifier wins
Voting Classifier,XGBoost Optuna,Weighted F1,0.664,0.642,Voting Classifier wins
Voting Classifier,XGBoost Optuna,Avg AUC,0.864,0.854,Voting Classifier wins
